MovieName,Neg,Pos,Time
三生三世十里桃花,0,1,2016-12-26
三生三世十里桃花,0,1,2016-12-27
三生三世十里桃花,0,1,2016-07-17
三生三世十里桃花,0,1,2016-06-27
三生三世十里桃花,0,1,2017-01-07
三生三世十里桃花,1,1,2017-01-16
三生三世十里桃花,0,1,2017-01-19
三生三世十里桃花,0,1,2017-01-10
三生三世十里桃花,0,1,2017-01-20
三生三世十里桃花,0,3,2017-01-30
三生三世十里桃花,1,0,2017-01-31
三生三世十里桃花,0,1,2017-02-01
三生三世十里桃花,0,1,2017-02-13
三生三世十里桃花,1,0,2017-02-07
三生三世十里桃花,0,1,2016-07-25
三生三世十里桃花,1,1,2017-03-02
三生三世十里桃花,0,1,2017-05-29
三生三世十里桃花,0,1,2017-06-11
三生三世十里桃花,0,1,2017-06-05
三生三世十里桃花,1,0,2017-06-09
三生三世十里桃花,0,1,2017-06-14
三生三世十里桃花,0,1,2017-05-30
三生三世十里桃花,0,1,2016-12-23
三生三世十里桃花,0,1,2017-06-21
三生三世十里桃花,0,1,2017-06-26
三生三世十里桃花,0,1,2017-06-25
三生三世十里桃花,0,1,2017-07-01
三生三世十里桃花,0,2,2017-07-11
三生三世十里桃花,0,1,2017-07-14
三生三世十里桃花,0,1,2017-07-30
三生三世十里桃花,0,1,2017-07-22
三生三世十里桃花,0,1,2017-07-31
三生三世十里桃花,3,6,2017-08-03
三生三世十里桃花,1,8,2017-08-04
三生三世十里桃花,1,7,2017-08-05
三生三世十里桃花,117,277,2017-08-06
三生三世十里桃花,1207,3173,2017-08-07
三生三世十里桃花,1140,2604,2017-08-08
西游伏妖篇,0,7,2016-12-15
西游伏妖篇,0,1,2016-12-27
西游伏妖篇,0,6,2017-01-16
西游伏妖篇,0,3,2017-01-21
西游伏妖篇,125,592,2017-01-28
西游伏妖篇,69,287,2017-01-29
西游伏妖篇,65,204,2017-01-30
西游伏妖篇,46,228,2017-01-31
西游伏妖篇,37,185,2017-02-01
西游伏妖篇,27,96,2017-02-03
西游伏妖篇,38,140,2017-02-02
西游伏妖篇,21,79,2017-02-04
西游伏妖篇,56,219,2017-02-05
西游伏妖篇,98,405,2017-02-06
西游伏妖篇,60,259,2017-02-08
西游伏妖篇,111,446,2017-02-09
西游伏妖篇,103,355,2017-02-12
西游伏妖篇,0,14,2016-03-10
西游伏妖篇,2,5,2016-03-08
西游伏妖篇,0,6,2015-09-08
西游伏妖篇,0,4,2016-12-13
西游伏妖篇,0,9,2015-11-25
西游伏妖篇,0,8,2017-01-24
西游伏妖篇,0,1,2016-03-28
西游伏妖篇,87,287,2017-02-07
西游伏妖篇,0,3,2016-12-28
西游伏妖篇,1,2,2017-01-17
西游伏妖篇,2,5,2017-01-22
西游伏妖篇,0,2,2017-01-14
西游伏妖篇,0,5,2017-01-26
西游伏妖篇,0,2,2016-10-23
西游伏妖篇,70,291,2017-02-13
西游伏妖篇,0,1,2016-12-16
西游伏妖篇,0,1,2015-11-29
西游伏妖篇,0,1,2016-04-22
西游伏妖篇,0,1,2015-11-26
西游伏妖篇,1,0,2016-12-21
西游伏妖篇,0,1,2016-12-09
西游伏妖篇,0,2,2016-03-13
西游伏妖篇,123,511,2017-02-11
西游伏妖篇,0,1,2016-08-27
西游伏妖篇,0,6,2016-12-12
西游伏妖篇,25,114,2017-02-17
西游伏妖篇,0,2,2015-10-03
西游伏妖篇,52,194,2017-02-14
西游伏妖篇,1,3,2017-01-27
西游伏妖篇,0,1,2016-01-08
西游伏妖篇,0,1,2016-12-22
西游伏妖篇,0,7,2016-05-13
西游伏妖篇,0,2,2017-01-02
西游伏妖篇,0,1,2016-12-20
西游伏妖篇,0,2,2016-05-17
西游伏妖篇,0,1,2017-01-06
西游伏妖篇,0,1,2016-04-04
西游伏妖篇,0,1,2015-09-16
西游伏妖篇,1,4,2016-12-08
西游伏妖篇,0,2,2016-11-12
西游伏妖篇,31,107,2017-02-18
西游伏妖篇,1,5,2017-01-15
西游伏妖篇,1,0,2016-10-27
西游伏妖篇,0,1,2015-09-19
西游伏妖篇,0,1,2015-10-19
西游伏妖篇,5,21,2017-03-06
西游伏妖篇,0,4,2017-01-25
西游伏妖篇,1,6,2017-01-23
西游伏妖篇,40,158,2017-02-15
西游伏妖篇,9,30,2017-03-12
西游伏妖篇,156,601,2017-02-10
西游伏妖篇,0,1,2015-09-09
西游伏妖篇,0,2,2017-01-08
西游伏妖篇,11,65,2017-02-26
西游伏妖篇,0,1,2015-09-14
西游伏妖篇,0,1,2017-01-09
西游伏妖篇,0,2,2016-12-25
西游伏妖篇,11,64,2017-02-24
西游伏妖篇,0,1,2016-12-06
西游伏妖篇,0,0,2017-01-20
西游伏妖篇,4,22,2017-03-03
西游伏妖篇,0,1,2016-04-08
西游伏妖篇,0,1,2015-12-10
西游伏妖篇,1,2,2017-01-19
西游伏妖篇,0,2,2016-08-22
西游伏妖篇,8,32,2017-02-27
西游伏妖篇,23,138,2017-02-16
西游伏妖篇,0,2,2017-01-10
西游伏妖篇,0,1,2016-10-20
西游伏妖篇,0,2,2016-08-19
西游伏妖篇,1,24,2017-03-18
西游伏妖篇,1,16,2017-03-14
西游伏妖篇,0,1,2016-12-23
西游伏妖篇,0,1,2016-12-07
西游伏妖篇,0,1,2016-10-19
西游伏妖篇,0,1,2016-10-13
西游伏妖篇,0,1,2016-05-15
西游伏妖篇,6,24,2017-03-19
西游伏妖篇,0,2,2017-01-12
西游伏妖篇,0,1,2016-05-24
西游伏妖篇,0,1,2016-05-23
西游伏妖篇,0,2,2016-05-20
西游伏妖篇,1,15,2017-03-16
西游伏妖篇,1,21,2017-03-09
西游伏妖篇,0,2,2016-12-11
西游伏妖篇,0,1,2016-09-17
西游伏妖篇,0,1,2016-06-25
西游伏妖篇,6,35,2017-02-28
西游伏妖篇,0,2,2017-01-11
西游伏妖篇,0,1,2016-12-03
西游伏妖篇,0,1,2016-07-31
西游伏妖篇,0,1,2016-07-19
西游伏妖篇,0,1,2016-03-24
西游伏妖篇,0,1,2016-03-11
西游伏妖篇,0,1,2016-06-05
西游伏妖篇,0,1,2016-01-06
西游伏妖篇,0,1,2015-11-24
西游伏妖篇,0,1,2015-09-28
西游伏妖篇,10,54,2017-02-21
西游伏妖篇,27,136,2017-02-19
西游伏妖篇,2,14,2017-08-05
西游伏妖篇,2,6,2017-05-15
西游伏妖篇,19,54,2017-04-15
西游伏妖篇,2,10,2017-04-29
西游伏妖篇,1,8,2017-07-16
西游伏妖篇,2,9,2017-05-09
西游伏妖篇,1,6,2017-05-05
西游伏妖篇,26,63,2017-04-16
西游伏妖篇,1,6,2017-07-23
西游伏妖篇,16,63,2017-02-23
西游伏妖篇,0,4,2017-07-19
西游伏妖篇,1,3,2017-07-13
西游伏妖篇,1,4,2017-05-25
西游伏妖篇,2,4,2017-05-12
西游伏妖篇,21,67,2017-02-20
西游伏妖篇,2,5,2017-06-30
西游伏妖篇,2,4,2017-05-03
西游伏妖篇,14,35,2017-04-14
西游伏妖篇,3,9,2017-04-03
西游伏妖篇,6,23,2017-03-11
西游伏妖篇,5,21,2017-03-02
西游伏妖篇,5,14,2017-04-23
西游伏妖篇,5,13,2017-04-19
西游伏妖篇,11,31,2017-04-17
西游伏妖篇,2,11,2017-03-21
西游伏妖篇,8,26,2017-03-17
西游伏妖篇,1,18,2017-03-13
西游伏妖篇,16,54,2017-02-22
西游伏妖篇,2,6,2017-08-01
西游伏妖篇,1,3,2017-07-27
西游伏妖篇,0,4,2017-06-12
西游伏妖篇,2,2,2017-05-16
西游伏妖篇,7,8,2017-05-07
西游伏妖篇,2,7,2017-05-06
西游伏妖篇,1,14,2017-03-29
西游伏妖篇,0,6,2017-03-22
西游伏妖篇,3,9,2017-03-15
西游伏妖篇,3,30,2017-03-05
西游伏妖篇,0,7,2017-07-20
西游伏妖篇,3,6,2017-07-10
西游伏妖篇,1,3,2017-06-09
西游伏妖篇,0,3,2017-06-08
西游伏妖篇,6,6,2017-05-20
西游伏妖篇,2,7,2017-05-14
西游伏妖篇,1,5,2017-05-10
西游伏妖篇,5,14,2017-05-01
西游伏妖篇,3,16,2017-04-24
西游伏妖篇,2,6,2017-04-09
西游伏妖篇,0,3,2017-04-01
西游伏妖篇,1,7,2017-03-25
西游伏妖篇,0,4,2017-03-24
西游伏妖篇,6,16,2017-03-10
西游伏妖篇,9,66,2017-02-25
西游伏妖篇,0,5,2017-07-26
西游伏妖篇,4,11,2017-07-25
西游伏妖篇,3,8,2017-07-09
西游伏妖篇,2,2,2017-07-07
西游伏妖篇,1,2,2017-06-29
西游伏妖篇,1,9,2017-06-28
西游伏妖篇,0,6,2017-06-15
西游伏妖篇,1,6,2017-06-11
西游伏妖篇,0,5,2017-06-04
西游伏妖篇,1,6,2017-05-29
西游伏妖篇,3,5,2017-05-21
西游伏妖篇,2,3,2017-05-13
西游伏妖篇,1,4,2017-05-11
西游伏妖篇,1,5,2017-05-04
西游伏妖篇,7,5,2017-05-02
西游伏妖篇,3,10,2017-04-30
西游伏妖篇,5,12,2017-04-28
西游伏妖篇,3,5,2017-04-27
西游伏妖篇,5,13,2017-04-21
西游伏妖篇,6,23,2017-04-18
西游伏妖篇,1,2,2017-03-30
西游伏妖篇,0,5,2017-03-28
西游伏妖篇,1,5,2017-03-27
西游伏妖篇,0,6,2017-03-26
西游伏妖篇,4,10,2017-03-20
西游伏妖篇,2,15,2017-03-08
西游伏妖篇,6,27,2017-03-04
西游伏妖篇,5,27,2017-03-01
西游伏妖篇,0,2,2017-08-07
西游伏妖篇,2,10,2017-08-06
西游伏妖篇,3,12,2017-08-04
西游伏妖篇,1,2,2017-08-02
西游伏妖篇,2,10,2017-07-31
西游伏妖篇,0,9,2017-07-30
西游伏妖篇,1,9,2017-07-29
西游伏妖篇,1,6,2017-07-28
西游伏妖篇,1,5,2017-07-24
西游伏妖篇,0,3,2017-07-22
西游伏妖篇,0,2,2017-07-21
西游伏妖篇,1,3,2017-07-18
西游伏妖篇,0,1,2017-07-17
西游伏妖篇,1,2,2017-07-15
西游伏妖篇,1,2,2017-07-14
西游伏妖篇,1,2,2017-07-12
西游伏妖篇,1,7,2017-07-08
西游伏妖篇,0,6,2017-07-03
西游伏妖篇,3,6,2017-07-01
西游伏妖篇,2,5,2017-06-27
西游伏妖篇,0,8,2017-06-24
西游伏妖篇,3,4,2017-06-23
西游伏妖篇,0,2,2017-06-22
西游伏妖篇,0,4,2017-06-21
西游伏妖篇,2,3,2017-06-20
西游伏妖篇,1,0,2017-06-19
西游伏妖篇,0,3,2017-06-18
西游伏妖篇,0,3,2017-06-14
西游伏妖篇,0,8,2017-06-13
西游伏妖篇,0,6,2017-06-06
西游伏妖篇,1,6,2017-06-05
西游伏妖篇,0,3,2017-06-03
西游伏妖篇,0,6,2017-06-02
西游伏妖篇,2,4,2017-06-01
西游伏妖篇,1,6,2017-05-31
西游伏妖篇,1,3,2017-05-27
西游伏妖篇,3,4,2017-05-26
西游伏妖篇,0,1,2017-05-24
西游伏妖篇,0,7,2017-05-23
西游伏妖篇,0,4,2017-05-22
西游伏妖篇,1,6,2017-05-08
西游伏妖篇,2,4,2017-04-25
西游伏妖篇,4,15,2017-04-22
西游伏妖篇,7,17,2017-04-20
西游伏妖篇,2,5,2017-04-12
西游伏妖篇,2,9,2017-04-08
西游伏妖篇,1,5,2017-04-07
西游伏妖篇,2,5,2017-04-06
西游伏妖篇,2,8,2017-04-02
西游伏妖篇,1,0,2017-03-31
西游伏妖篇,1,0,2017-03-23
西游伏妖篇,7,21,2017-03-07
西游伏妖篇,2,5,2017-08-03
西游伏妖篇,0,2,2017-07-11
西游伏妖篇,2,2,2017-07-06
西游伏妖篇,2,4,2017-07-05
西游伏妖篇,0,7,2017-07-04
西游伏妖篇,0,2,2017-07-02
西游伏妖篇,0,3,2017-06-26
西游伏妖篇,3,3,2017-06-25
西游伏妖篇,0,3,2017-06-17
西游伏妖篇,1,1,2017-06-16
西游伏妖篇,1,2,2017-06-10
西游伏妖篇,0,2,2017-06-07
西游伏妖篇,0,7,2017-05-30
西游伏妖篇,2,2,2017-05-28
西游伏妖篇,3,1,2017-05-19
西游伏妖篇,1,4,2017-05-18
西游伏妖篇,1,1,2017-05-17
西游伏妖篇,0,6,2017-04-26
西游伏妖篇,3,14,2017-04-13
西游伏妖篇,1,8,2017-04-11
西游伏妖篇,2,7,2017-04-10
西游伏妖篇,1,5,2017-04-05
西游伏妖篇,4,6,2017-04-04
绣春刀修罗场,0,3,2017-06-18
绣春刀修罗场,0,0,2017-01-22
绣春刀修罗场,0,1,2017-06-19
绣春刀修罗场,0,1,2017-07-19
绣春刀修罗场,47,154,2017-07-20
绣春刀修罗场,152,702,2017-07-26
绣春刀修罗场,24,76,2017-08-02
绣春刀修罗场,129,579,2017-07-25
绣春刀修罗场,53,271,2017-07-28
绣春刀修罗场,97,352,2017-07-21
绣春刀修罗场,153,602,2017-07-23
绣春刀修罗场,98,343,2017-07-27
绣春刀修罗场,139,464,2017-07-22
绣春刀修罗场,193,782,2017-07-24
绣春刀修罗场,28,65,2017-08-04
绣春刀修罗场,12,46,2017-08-07
绣春刀修罗场,10,62,2017-08-06
绣春刀修罗场,15,68,2017-08-05
绣春刀修罗场,18,94,2017-08-03
绣春刀修罗场,26,101,2017-08-01
绣春刀修罗场,38,151,2017-07-31
绣春刀修罗场,51,190,2017-07-30
绣春刀修罗场,69,211,2017-07-29
绣春刀修罗场,3,7,2017-08-08
功夫瑜伽,15,155,2016-02-25
功夫瑜伽,0,1,2016-06-11
功夫瑜伽,0,2,2016-12-25
功夫瑜伽,0,1,2016-03-28
功夫瑜伽,0,2,2016-11-07
功夫瑜伽,0,1,2016-10-24
功夫瑜伽,0,8,2017-01-10
功夫瑜伽,0,3,2015-09-23
功夫瑜伽,1,0,2015-09-26
功夫瑜伽,1,6,2015-09-29
功夫瑜伽,21,259,2017-01-20
功夫瑜伽,1,15,2016-12-18
功夫瑜伽,0,1,2015-09-24
功夫瑜伽,0,1,2016-10-01
功夫瑜伽,9,75,2017-01-22
功夫瑜伽,0,10,2017-01-01
功夫瑜伽,5,16,2017-01-07
功夫瑜伽,0,2,2016-09-27
功夫瑜伽,2,12,2016-12-29
功夫瑜伽,0,1,2016-08-23
功夫瑜伽,0,1,2015-10-03
功夫瑜伽,4,233,2017-01-17
功夫瑜伽,0,29,2016-12-16
功夫瑜伽,1,18,2017-01-06
功夫瑜伽,2,17,2017-01-05
功夫瑜伽,1,0,2016-11-05
功夫瑜伽,1,0,2016-09-25
功夫瑜伽,7,25,2016-12-17
功夫瑜伽,1,0,2016-11-08
功夫瑜伽,0,2,2016-01-18
功夫瑜伽,2,6,2016-12-28
功夫瑜伽,1,4,2016-12-26
功夫瑜伽,5,75,2017-01-18
功夫瑜伽,0,1,2016-11-14
功夫瑜伽,0,1,2016-02-29
功夫瑜伽,10,145,2017-01-21
功夫瑜伽,2,9,2017-01-04
功夫瑜伽,10,92,2017-01-19
功夫瑜伽,1,30,2016-12-14
功夫瑜伽,0,2,2015-10-02
功夫瑜伽,11,57,2017-01-23
功夫瑜伽,0,4,2015-10-25
功夫瑜伽,0,1,2015-09-28
功夫瑜伽,3,4,2017-01-14
功夫瑜伽,2,16,2017-01-12
功夫瑜伽,1,18,2017-01-08
功夫瑜伽,6,46,2017-01-03
功夫瑜伽,0,1,2016-09-08
功夫瑜伽,0,1,2016-10-23
功夫瑜伽,0,1,2016-10-20
功夫瑜伽,0,2,2016-05-02
功夫瑜伽,0,1,2015-10-31
功夫瑜伽,2,18,2017-01-16
功夫瑜伽,0,12,2017-01-02
功夫瑜伽,0,4,2016-06-12
功夫瑜伽,3,23,2016-02-27
功夫瑜伽,0,5,2015-09-27
功夫瑜伽,0,15,2017-01-15
功夫瑜伽,1,12,2016-12-23
功夫瑜伽,0,1,2016-07-15
功夫瑜伽,0,1,2016-05-04
功夫瑜伽,3,22,2017-01-24
功夫瑜伽,3,13,2017-01-11
功夫瑜伽,2,9,2017-01-09
功夫瑜伽,1,11,2016-12-30
功夫瑜伽,0,4,2016-12-24
功夫瑜伽,1,5,2016-12-21
功夫瑜伽,0,12,2016-12-19
功夫瑜伽,1,13,2016-12-15
功夫瑜伽,1,2,2016-12-04
功夫瑜伽,0,0,2016-10-29
功夫瑜伽,0,0,2016-10-26
功夫瑜伽,0,2,2016-05-24
功夫瑜伽,0,0,2016-03-13
功夫瑜伽,0,13,2016-02-26
功夫瑜伽,1,9,2017-01-13
功夫瑜伽,0,12,2016-12-31
功夫瑜伽,0,3,2016-12-27
功夫瑜伽,0,5,2016-12-22
功夫瑜伽,2,7,2016-12-20
功夫瑜伽,0,2,2016-12-11
功夫瑜伽,0,3,2016-12-12
功夫瑜伽,0,0,2016-12-10
功夫瑜伽,0,1,2016-12-09
功夫瑜伽,0,4,2016-12-06
功夫瑜伽,0,1,2016-11-26
功夫瑜伽,0,2,2016-11-23
功夫瑜伽,0,1,2016-11-21
功夫瑜伽,0,1,2016-11-06
功夫瑜伽,0,1,2016-11-04
功夫瑜伽,0,0,2016-10-22
功夫瑜伽,0,2,2016-10-07
功夫瑜伽,0,1,2016-09-28
功夫瑜伽,0,1,2016-07-28
功夫瑜伽,0,3,2016-04-20
功夫瑜伽,1,0,2016-06-29
功夫瑜伽,0,3,2016-02-28
功夫瑜伽,0,1,2015-12-30
功夫瑜伽,0,1,2016-12-13
功夫瑜伽,0,1,2016-12-08
功夫瑜伽,0,0,2016-12-07
功夫瑜伽,0,0,2016-12-03
功夫瑜伽,0,1,2016-12-05
功夫瑜伽,0,1,2016-12-02
功夫瑜伽,0,2,2016-12-01
功夫瑜伽,0,2,2016-11-30
功夫瑜伽,1,3,2016-11-25
功夫瑜伽,0,2,2016-11-24
功夫瑜伽,0,2,2016-11-22
功夫瑜伽,0,1,2016-11-15
功夫瑜伽,0,0,2016-11-11
功夫瑜伽,0,1,2016-10-31
功夫瑜伽,0,0,2016-10-30
功夫瑜伽,0,1,2016-10-25
功夫瑜伽,0,0,2016-10-21
功夫瑜伽,0,1,2016-10-18
功夫瑜伽,0,1,2016-10-16
功夫瑜伽,1,0,2016-10-15
功夫瑜伽,1,0,2016-10-14
功夫瑜伽,0,0,2016-10-10
功夫瑜伽,0,0,2016-10-09
功夫瑜伽,0,0,2016-10-08
功夫瑜伽,0,0,2016-10-05
功夫瑜伽,0,2,2016-10-04
功夫瑜伽,0,1,2016-10-03
功夫瑜伽,0,0,2016-10-02
功夫瑜伽,0,0,2016-09-30
功夫瑜伽,0,1,2016-09-29
功夫瑜伽,0,1,2016-09-26
功夫瑜伽,0,1,2016-09-16
功夫瑜伽,0,0,2016-09-11
功夫瑜伽,0,1,2016-09-04
功夫瑜伽,0,1,2016-08-24
功夫瑜伽,0,2,2016-08-21
功夫瑜伽,0,1,2016-08-16
功夫瑜伽,0,0,2016-08-03
功夫瑜伽,0,1,2016-07-29
功夫瑜伽,0,1,2016-07-21
功夫瑜伽,0,2,2016-06-09
功夫瑜伽,0,1,2016-06-05
功夫瑜伽,0,0,2016-06-04
功夫瑜伽,0,1,2016-05-11
功夫瑜伽,0,1,2016-05-06
功夫瑜伽,0,1,2016-05-01
功夫瑜伽,1,0,2016-04-30
功夫瑜伽,0,0,2016-04-28
功夫瑜伽,0,1,2016-04-12
功夫瑜伽,0,2,2016-04-08
功夫瑜伽,0,0,2016-03-31
功夫瑜伽,0,1,2016-04-03
功夫瑜伽,1,1,2016-03-29
功夫瑜伽,0,1,2016-03-27
功夫瑜伽,0,1,2016-03-24
功夫瑜伽,0,1,2016-03-04
功夫瑜伽,1,0,2016-01-09
功夫瑜伽,1,0,2016-01-08
功夫瑜伽,0,0,2016-01-02
功夫瑜伽,0,1,2015-12-02
功夫瑜伽,0,0,2015-11-02
功夫瑜伽,0,1,2015-10-26
功夫瑜伽,0,1,2015-10-20
功夫瑜伽,0,1,2015-10-19
功夫瑜伽,0,0,2015-10-11
功夫瑜伽,0,1,2015-10-04
功夫瑜伽,0,0,2015-09-30
功夫瑜伽,0,6,2017-01-28
功夫瑜伽,0,1,2017-01-27
功夫瑜伽,0,3,2017-01-29
功夫瑜伽,1,0,2017-01-30
功夫瑜伽,0,2,2017-01-31
功夫瑜伽,0,3,2017-02-01
功夫瑜伽,0,2,2017-02-03
功夫瑜伽,0,1,2017-02-02
功夫瑜伽,0,2,2017-02-04
功夫瑜伽,45,259,2017-02-06
功夫瑜伽,0,1,2017-02-05
功夫瑜伽,30,174,2017-02-11
功夫瑜伽,1,22,2017-02-22
功夫瑜伽,42,222,2017-02-09
功夫瑜伽,64,260,2017-02-08
功夫瑜伽,0,4,2017-08-07
功夫瑜伽,0,5,2017-08-05
功夫瑜伽,1,6,2017-07-26
功夫瑜伽,1,3,2017-07-25
功夫瑜伽,0,4,2017-07-24
功夫瑜伽,0,2,2017-07-23
功夫瑜伽,0,2,2017-07-21
功夫瑜伽,1,1,2017-07-20
功夫瑜伽,1,2,2017-07-19
功夫瑜伽,0,1,2017-07-14
功夫瑜伽,0,3,2017-07-07
功夫瑜伽,1,3,2017-07-05
功夫瑜伽,0,4,2017-07-04
功夫瑜伽,0,2,2017-07-02
功夫瑜伽,0,2,2017-07-01
功夫瑜伽,0,0,2017-06-29
功夫瑜伽,0,6,2017-06-28
功夫瑜伽,0,1,2017-06-26
功夫瑜伽,1,2,2017-06-25
功夫瑜伽,0,4,2017-06-24
功夫瑜伽,0,0,2017-06-21
功夫瑜伽,0,2,2017-06-19
功夫瑜伽,2,2,2017-06-18
功夫瑜伽,0,8,2017-06-11
功夫瑜伽,0,2,2017-06-10
功夫瑜伽,1,8,2017-06-09
功夫瑜伽,0,3,2017-06-07
功夫瑜伽,1,3,2017-06-04
功夫瑜伽,0,4,2017-06-03
功夫瑜伽,0,3,2017-06-02
功夫瑜伽,1,4,2017-05-30
功夫瑜伽,0,4,2017-05-29
功夫瑜伽,0,8,2017-05-28
功夫瑜伽,0,1,2017-05-27
功夫瑜伽,1,6,2017-05-26
功夫瑜伽,1,0,2017-05-25
功夫瑜伽,0,1,2017-05-24
功夫瑜伽,2,8,2017-05-21
功夫瑜伽,3,3,2017-05-20
功夫瑜伽,0,4,2017-05-19
功夫瑜伽,0,3,2017-05-17
功夫瑜伽,0,3,2017-05-16
功夫瑜伽,0,1,2017-05-13
功夫瑜伽,0,6,2017-05-12
功夫瑜伽,0,3,2017-05-10
功夫瑜伽,0,3,2017-05-08
功夫瑜伽,0,4,2017-05-07
功夫瑜伽,1,7,2017-05-06
功夫瑜伽,0,4,2017-05-05
功夫瑜伽,3,2,2017-05-04
功夫瑜伽,1,5,2017-05-03
功夫瑜伽,0,3,2017-05-02
功夫瑜伽,1,6,2017-04-30
功夫瑜伽,2,6,2017-04-29
功夫瑜伽,0,4,2017-04-27
功夫瑜伽,0,3,2017-04-26
功夫瑜伽,0,5,2017-04-24
功夫瑜伽,1,11,2017-04-23
功夫瑜伽,3,2,2017-04-22
功夫瑜伽,1,14,2017-04-14
功夫瑜伽,4,9,2017-04-10
功夫瑜伽,4,16,2017-04-09
功夫瑜伽,1,14,2017-04-08
功夫瑜伽,1,9,2017-04-07
功夫瑜伽,1,8,2017-04-06
功夫瑜伽,5,12,2017-04-05
功夫瑜伽,5,19,2017-04-04
功夫瑜伽,1,24,2017-04-03
功夫瑜伽,4,25,2017-04-02
功夫瑜伽,5,14,2017-04-01
功夫瑜伽,12,51,2017-03-31
功夫瑜伽,8,46,2017-03-30
功夫瑜伽,13,37,2017-03-29
功夫瑜伽,15,75,2017-03-28
功夫瑜伽,15,43,2017-03-27
功夫瑜伽,9,47,2017-03-26
功夫瑜伽,2,45,2017-03-25
功夫瑜伽,2,27,2017-03-24
功夫瑜伽,1,16,2017-03-23
功夫瑜伽,2,26,2017-03-22
功夫瑜伽,5,16,2017-03-21
功夫瑜伽,0,6,2017-03-20
功夫瑜伽,1,10,2017-03-19
功夫瑜伽,0,8,2017-03-18
功夫瑜伽,2,7,2017-03-17
功夫瑜伽,2,7,2017-03-16
功夫瑜伽,0,8,2017-03-15
功夫瑜伽,0,2,2017-03-14
功夫瑜伽,0,3,2017-03-13
功夫瑜伽,1,9,2017-03-12
功夫瑜伽,1,6,2017-03-11
功夫瑜伽,2,7,2017-03-10
功夫瑜伽,1,7,2017-03-09
功夫瑜伽,1,8,2017-03-08
功夫瑜伽,2,8,2017-03-07
功夫瑜伽,1,7,2017-03-06
功夫瑜伽,2,9,2017-03-05
功夫瑜伽,0,19,2017-03-04
功夫瑜伽,0,12,2017-03-03
功夫瑜伽,1,8,2017-03-02
功夫瑜伽,1,5,2017-03-01
功夫瑜伽,0,4,2017-02-28
功夫瑜伽,0,12,2017-02-27
功夫瑜伽,1,20,2017-02-26
功夫瑜伽,2,16,2017-02-25
功夫瑜伽,1,19,2017-02-24
功夫瑜伽,3,24,2017-02-23
功夫瑜伽,1,20,2017-02-21
功夫瑜伽,6,30,2017-02-20
功夫瑜伽,16,54,2017-02-19
功夫瑜伽,13,50,2017-02-18
功夫瑜伽,11,39,2017-02-17
功夫瑜伽,7,51,2017-02-16
功夫瑜伽,10,60,2017-02-15
功夫瑜伽,11,71,2017-02-14
功夫瑜伽,14,76,2017-02-13
功夫瑜伽,14,111,2017-02-12
功夫瑜伽,34,160,2017-02-10
功夫瑜伽,1,7,2017-08-06
功夫瑜伽,54,264,2017-02-07
功夫瑜伽,0,2,2017-07-29
功夫瑜伽,0,3,2017-07-15
功夫瑜伽,1,1,2017-05-18
功夫瑜伽,1,4,2017-04-25
功夫瑜伽,1,4,2017-04-19
功夫瑜伽,3,5,2017-04-16
功夫瑜伽,1,2,2017-08-03
功夫瑜伽,1,7,2017-07-30
功夫瑜伽,0,1,2017-07-27
功夫瑜伽,0,1,2017-07-03
功夫瑜伽,1,4,2017-06-27
功夫瑜伽,1,3,2017-06-23
功夫瑜伽,0,2,2017-05-31
功夫瑜伽,1,5,2017-05-22
功夫瑜伽,1,7,2017-05-14
功夫瑜伽,2,2,2017-05-01
功夫瑜伽,2,8,2017-04-18
功夫瑜伽,1,13,2017-04-15
功夫瑜伽,0,3,2017-07-11
功夫瑜伽,0,1,2017-06-15
功夫瑜伽,0,2,2017-06-06
功夫瑜伽,3,3,2017-08-04
功夫瑜伽,1,6,2017-08-02
功夫瑜伽,0,3,2017-08-01
功夫瑜伽,1,4,2017-07-31
功夫瑜伽,1,2,2017-07-28
功夫瑜伽,0,1,2017-07-22
功夫瑜伽,2,1,2017-07-18
功夫瑜伽,0,3,2017-07-17
功夫瑜伽,0,3,2017-07-16
功夫瑜伽,0,5,2017-07-13
功夫瑜伽,1,1,2017-07-12
功夫瑜伽,1,2,2017-07-10
功夫瑜伽,1,4,2017-07-09
功夫瑜伽,0,0,2017-07-08
功夫瑜伽,0,3,2017-07-06
功夫瑜伽,1,4,2017-06-30
功夫瑜伽,0,0,2017-06-22
功夫瑜伽,0,1,2017-06-20
功夫瑜伽,1,1,2017-06-17
功夫瑜伽,0,1,2017-06-16
功夫瑜伽,0,1,2017-06-14
功夫瑜伽,0,1,2017-06-13
功夫瑜伽,0,2,2017-06-12
功夫瑜伽,0,1,2017-06-08
功夫瑜伽,0,2,2017-06-05
功夫瑜伽,1,4,2017-06-01
功夫瑜伽,1,3,2017-05-23
功夫瑜伽,2,3,2017-05-15
功夫瑜伽,1,2,2017-05-11
功夫瑜伽,0,2,2017-05-09
功夫瑜伽,1,11,2017-04-28
功夫瑜伽,1,5,2017-04-21
功夫瑜伽,0,3,2017-04-20
功夫瑜伽,2,0,2017-04-17
功夫瑜伽,1,10,2017-04-13
功夫瑜伽,1,8,2017-04-12
功夫瑜伽,1,5,2017-04-11
记忆大师,0,1,2016-05-11
记忆大师,0,1,2016-11-10
记忆大师,0,1,2017-03-09
记忆大师,0,1,2017-03-26
记忆大师,0,3,2017-04-20
记忆大师,280,642,2017-04-28
记忆大师,336,768,2017-04-29
记忆大师,338,695,2017-04-30
记忆大师,300,759,2017-05-01
记忆大师,117,315,2017-05-03
记忆大师,13,33,2017-07-28
记忆大师,21,25,2017-07-24
记忆大师,116,271,2017-05-06
记忆大师,29,36,2017-07-29
记忆大师,40,90,2017-07-25
记忆大师,2,5,2017-04-23
记忆大师,202,434,2017-05-02
记忆大师,1,2,2017-04-21
记忆大师,22,74,2017-07-27
记忆大师,128,274,2017-05-04
记忆大师,0,3,2017-04-24
记忆大师,36,72,2017-07-26
记忆大师,94,248,2017-05-05
记忆大师,82,233,2017-05-07
记忆大师,9,18,2017-08-03
记忆大师,51,139,2017-05-08
记忆大师,3,13,2017-04-27
记忆大师,2,10,2017-05-23
记忆大师,38,91,2017-05-09
记忆大师,18,20,2017-08-02
记忆大师,44,75,2017-05-10
记忆大师,18,52,2017-05-14
记忆大师,7,30,2017-08-01
记忆大师,10,25,2017-07-31
记忆大师,8,12,2017-05-22
记忆大师,23,42,2017-05-16
记忆大师,22,69,2017-05-13
记忆大师,24,61,2017-05-11
记忆大师,1,10,2017-04-26
记忆大师,22,50,2017-07-30
记忆大师,9,17,2017-05-21
记忆大师,0,1,2016-08-06
记忆大师,1,0,2016-06-14
记忆大师,0,1,2016-11-13
记忆大师,8,10,2017-08-04
记忆大师,1,4,2017-07-13
记忆大师,17,63,2017-05-12
记忆大师,2,8,2017-04-06
记忆大师,0,1,2016-05-13
记忆大师,7,17,2017-05-20
记忆大师,14,43,2017-05-15
记忆大师,1,0,2017-03-31
记忆大师,0,1,2016-05-16
记忆大师,8,18,2017-08-05
记忆大师,1,2,2017-06-02
记忆大师,1,11,2017-04-25
记忆大师,0,1,2017-03-21
记忆大师,0,1,2016-05-12
记忆大师,1,3,2017-06-30
记忆大师,2,2,2017-06-07
记忆大师,3,13,2017-05-29
记忆大师,3,9,2017-05-24
记忆大师,6,19,2017-05-17
记忆大师,1,0,2016-11-23
记忆大师,0,1,2016-04-30
记忆大师,2,1,2017-07-01
记忆大师,2,2,2017-06-25
记忆大师,1,2,2017-06-22
记忆大师,6,7,2017-05-30
记忆大师,4,9,2017-05-28
记忆大师,7,9,2017-05-26
记忆大师,0,1,2017-04-16
记忆大师,2,1,2017-04-07
记忆大师,0,1,2016-08-12
记忆大师,0,1,2016-06-30
记忆大师,12,20,2017-08-06
记忆大师,1,2,2017-07-16
记忆大师,0,3,2017-07-14
记忆大师,0,5,2017-07-05
记忆大师,1,2,2017-07-02
记忆大师,2,4,2017-06-20
记忆大师,2,0,2017-06-19
记忆大师,3,5,2017-06-10
记忆大师,2,4,2017-06-05
记忆大师,3,9,2017-06-04
记忆大师,5,7,2017-05-27
记忆大师,7,22,2017-05-19
记忆大师,5,20,2017-05-18
记忆大师,0,2,2017-04-08
记忆大师,1,2,2017-04-03
记忆大师,0,2,2017-04-02
记忆大师,0,5,2017-01-06
记忆大师,8,13,2017-08-07
记忆大师,2,2,2017-07-12
记忆大师,1,1,2017-06-28
记忆大师,0,4,2017-06-23
记忆大师,1,5,2017-06-18
记忆大师,2,4,2017-06-17
记忆大师,0,1,2017-06-15
记忆大师,1,5,2017-06-08
记忆大师,3,3,2017-06-06
记忆大师,3,3,2017-05-31
记忆大师,3,15,2017-05-25
记忆大师,0,1,2017-04-22
记忆大师,0,0,2017-04-13
记忆大师,1,4,2017-04-05
记忆大师,1,2,2017-04-04
记忆大师,2,1,2017-04-01
记忆大师,0,0,2017-03-11
记忆大师,0,1,2017-01-30
记忆大师,0,0,2017-01-24
记忆大师,0,1,2016-10-25
记忆大师,0,0,2016-08-09
记忆大师,1,1,2017-07-22
记忆大师,1,0,2017-07-18
记忆大师,1,0,2017-07-15
记忆大师,0,2,2017-07-11
记忆大师,0,2,2017-07-07
记忆大师,0,2,2017-07-03
记忆大师,3,3,2017-06-27
记忆大师,1,2,2017-06-26
记忆大师,1,5,2017-06-24
记忆大师,0,2,2017-06-16
记忆大师,1,4,2017-06-14
记忆大师,2,2,2017-06-12
记忆大师,2,3,2017-06-11
记忆大师,3,3,2017-06-03
记忆大师,2,8,2017-08-08
记忆大师,0,1,2017-04-19
记忆大师,1,0,2017-04-10
记忆大师,0,1,2017-04-09
记忆大师,0,0,2017-03-22
记忆大师,0,1,2017-03-17
记忆大师,0,0,2017-03-01
记忆大师,0,1,2017-02-26
记忆大师,0,1,2017-02-25
记忆大师,0,0,2017-02-22
记忆大师,0,1,2017-02-16
记忆大师,0,0,2017-01-31
记忆大师,0,1,2017-01-17
记忆大师,0,0,2017-01-11
记忆大师,0,0,2017-01-02
记忆大师,0,1,2016-12-17
记忆大师,0,1,2016-12-11
记忆大师,0,0,2016-11-20
记忆大师,0,1,2016-11-17
记忆大师,0,0,2016-08-29
记忆大师,0,1,2016-08-26
记忆大师,0,0,2016-08-15
记忆大师,0,1,2016-08-11
记忆大师,0,1,2016-07-26
记忆大师,0,0,2016-07-20
记忆大师,0,0,2016-07-12
记忆大师,0,1,2016-06-11
记忆大师,0,0,2016-06-02
记忆大师,0,1,2016-04-23
记忆大师,0,0,2016-04-18
记忆大师,1,3,2017-07-23
记忆大师,0,1,2017-07-21
记忆大师,2,0,2017-07-20
记忆大师,0,1,2017-07-19
记忆大师,0,1,2017-07-10
记忆大师,0,0,2017-07-09
记忆大师,1,3,2017-07-08
记忆大师,0,5,2017-07-06
记忆大师,0,1,2017-07-04
记忆大师,0,1,2017-06-29
记忆大师,1,3,2017-06-21
记忆大师,1,2,2017-06-13
记忆大师,0,3,2017-06-09
记忆大师,3,6,2017-06-01
战狼2,0,2,2017-06-30
战狼2,0,1,2017-06-29
战狼2,2,0,2017-07-02
战狼2,0,1,2017-07-03
战狼2,1,0,2017-07-04
战狼2,0,1,2017-07-07
战狼2,0,1,2017-07-17
战狼2,0,3,2017-07-23
战狼2,0,2,2017-07-25
战狼2,0,4,2017-07-31
战狼2,350,1418,2017-08-01
战狼2,361,1440,2017-08-02
战狼2,191,858,2017-08-03
战狼2,0,3,2017-08-04
战狼2,1,4,2017-08-05
战狼2,341,1385,2017-08-06
战狼2,1028,4633,2017-08-07
战狼2,820,4119,2017-08-08
悟空传,1,11,2016-05-09
悟空传,1,5,2016-05-08
悟空传,0,4,2016-04-30
悟空传,1,1,2016-04-29
悟空传,1,4,2016-05-03
悟空传,0,3,2016-05-01
悟空传,0,4,2016-05-07
悟空传,1,2,2016-05-05
悟空传,0,1,2016-05-06
悟空传,0,0,2016-05-02
悟空传,0,2,2016-04-25
悟空传,0,1,2016-05-10
悟空传,0,0,2016-05-04
悟空传,1,1,2016-04-26
悟空传,4,41,2015-12-10
悟空传,0,0,2015-12-12
悟空传,0,6,2015-12-11
悟空传,0,1,2015-12-14
悟空传,0,1,2015-12-13
悟空传,0,1,2015-12-15
悟空传,1,13,2015-12-09
悟空传,0,1,2015-12-23
悟空传,0,1,2015-12-17
悟空传,0,1,2016-03-07
悟空传,0,1,2016-03-06
悟空传,0,10,2016-03-05
悟空传,1,1,2016-03-04
悟空传,0,1,2016-03-03
悟空传,0,1,2016-02-29
悟空传,0,1,2016-03-02
悟空传,0,3,2016-03-01
悟空传,0,0,2016-02-28
悟空传,0,1,2016-02-25
悟空传,1,0,2016-02-27
悟空传,0,1,2016-02-26
悟空传,0,7,2016-03-13
悟空传,0,1,2016-03-14
悟空传,0,5,2016-03-12
悟空传,0,1,2016-03-11
悟空传,0,0,2016-03-08
悟空传,0,4,2016-03-09
悟空传,0,2,2016-03-10
悟空传,0,1,2016-03-19
悟空传,1,3,2016-03-15
悟空传,0,0,2016-03-17
悟空传,0,1,2016-03-18
悟空传,0,1,2016-03-21
悟空传,0,2,2016-03-24
悟空传,0,1,2016-03-23
悟空传,1,3,2016-04-02
悟空传,0,2,2016-03-27
悟空传,0,2,2016-04-04
悟空传,0,0,2016-03-28
悟空传,0,1,2016-04-03
悟空传,0,1,2016-03-29
悟空传,0,0,2016-03-31
悟空传,0,2,2016-03-30
悟空传,0,2,2016-04-01
悟空传,0,2,2016-04-09
悟空传,0,4,2016-04-05
悟空传,0,3,2016-04-10
悟空传,0,4,2016-04-06
悟空传,0,1,2016-04-07
悟空传,7,32,2016-04-17
悟空传,1,4,2016-04-20
悟空传,0,1,2016-04-24
悟空传,0,1,2016-04-22
悟空传,2,3,2016-04-21
悟空传,0,14,2016-04-19
悟空传,0,2,2016-04-23
悟空传,2,32,2016-04-18
悟空传,0,1,2016-05-13
悟空传,0,1,2016-06-22
悟空传,0,1,2016-05-14
悟空传,0,2,2016-05-23
悟空传,0,2,2016-05-17
悟空传,0,1,2016-05-12
悟空传,0,0,2016-06-10
悟空传,1,0,2016-05-25
悟空传,0,1,2016-06-11
悟空传,0,1,2016-05-24
悟空传,1,0,2016-05-27
悟空传,0,1,2016-05-15
悟空传,0,1,2017-03-27
悟空传,0,1,2017-01-14
悟空传,0,1,2016-07-29
悟空传,1,0,2017-04-04
悟空传,1,0,2017-05-04
悟空传,0,1,2017-06-08
悟空传,0,1,2016-08-12
悟空传,0,1,2016-05-11
悟空传,0,1,2017-02-05
悟空传,0,1,2016-07-08
悟空传,0,1,2017-07-06
悟空传,0,1,2017-07-08
悟空传,0,1,2017-07-09
悟空传,2,3,2017-07-13
悟空传,0,1,2017-07-12
悟空传,75,196,2017-07-15
悟空传,0,1,2017-07-14
悟空传,30,93,2017-07-29
悟空传,214,678,2017-07-16
悟空传,15,35,2017-08-07
悟空传,13,59,2017-08-01
悟空传,299,961,2017-07-18
悟空传,270,692,2017-07-17
悟空传,73,244,2017-07-25
悟空传,96,284,2017-07-24
悟空传,46,235,2017-07-26
悟空传,216,613,2017-07-19
悟空传,123,402,2017-07-21
悟空传,172,474,2017-07-20
悟空传,142,384,2017-07-23
悟空传,144,368,2017-07-22
悟空传,19,59,2017-08-02
悟空传,50,180,2017-07-27
悟空传,14,59,2017-08-03
悟空传,29,141,2017-07-28
悟空传,13,38,2017-08-04
悟空传,36,99,2017-07-30
悟空传,9,36,2017-08-06
悟空传,11,40,2017-08-05
悟空传,28,97,2017-07-31
悟空传,6,10,2017-08-08
逆时营救,0,4,2016-03-10
逆时营救,0,1,2015-12-30
逆时营救,1,0,2017-05-03
逆时营救,0,3,2017-05-31
逆时营救,1,1,2017-05-28
逆时营救,0,1,2017-02-24
逆时营救,0,1,2017-03-13
逆时营救,0,4,2017-06-11
逆时营救,0,1,2017-06-01
逆时营救,0,1,2015-12-25
逆时营救,0,1,2017-06-20
逆时营救,0,2,2017-06-27
逆时营救,1,9,2017-06-28
逆时营救,125,489,2017-06-29
逆时营救,204,899,2017-06-30
逆时营救,188,781,2017-07-02
逆时营救,137,564,2017-07-01
逆时营救,47,193,2017-07-09
逆时营救,53,187,2017-07-08
逆时营救,29,117,2017-07-10
逆时营救,62,310,2017-07-06
逆时营救,97,375,2017-07-04
逆时营救,98,323,2017-07-05
逆时营救,8,65,2017-07-13
逆时营救,15,35,2017-08-04
逆时营救,18,58,2017-08-03
逆时营救,16,60,2017-08-02
逆时营救,19,70,2017-08-01
逆时营救,24,90,2017-07-31
逆时营救,35,108,2017-07-30
逆时营救,6,10,2017-07-29
逆时营救,2,11,2017-07-28
逆时营救,1,11,2017-07-27
逆时营救,2,8,2017-07-26
逆时营救,2,4,2017-07-25
逆时营救,1,11,2017-07-24
逆时营救,1,16,2017-07-23
逆时营救,3,12,2017-07-22
逆时营救,2,17,2017-07-21
逆时营救,8,29,2017-07-20
逆时营救,8,46,2017-07-19
逆时营救,8,41,2017-07-18
逆时营救,6,46,2017-07-17
逆时营救,5,47,2017-07-16
逆时营救,16,45,2017-07-15
逆时营救,8,52,2017-07-14
逆时营救,29,87,2017-07-12
逆时营救,19,80,2017-07-11
逆时营救,42,224,2017-07-07
逆时营救,170,651,2017-07-03
逆时营救,12,28,2017-08-07
逆时营救,9,37,2017-08-06
逆时营救,13,56,2017-08-05
逆时营救,10,13,2017-08-08
春娇救志明,0,0,2017-03-17
春娇救志明,1,2,2017-03-18
春娇救志明,0,6,2017-03-19
春娇救志明,1,11,2017-03-20
春娇救志明,4,5,2017-03-22
春娇救志明,86,277,2017-04-22
春娇救志明,35,96,2017-04-23
春娇救志明,254,617,2017-04-28
春娇救志明,215,519,2017-04-30
春娇救志明,264,611,2017-04-29
春娇救志明,142,346,2017-05-01
春娇救志明,97,242,2017-05-02
春娇救志明,35,89,2017-05-05
春娇救志明,57,181,2017-05-03
春娇救志明,13,18,2017-04-25
春娇救志明,14,49,2017-05-11
春娇救志明,11,15,2017-06-17
春娇救志明,19,39,2017-06-13
春娇救志明,13,33,2017-06-14
春娇救志明,1,6,2017-03-23
春娇救志明,0,7,2017-07-04
春娇救志明,2,3,2017-07-03
春娇救志明,4,8,2017-07-02
春娇救志明,4,4,2017-07-01
春娇救志明,6,3,2017-06-30
春娇救志明,1,3,2017-06-29
春娇救志明,7,5,2017-06-28
春娇救志明,3,4,2017-06-27
春娇救志明,3,5,2017-06-26
春娇救志明,5,9,2017-06-25
春娇救志明,5,8,2017-06-24
春娇救志明,5,6,2017-06-23
春娇救志明,4,7,2017-06-22
春娇救志明,9,13,2017-06-21
春娇救志明,8,12,2017-06-20
春娇救志明,3,20,2017-06-19
春娇救志明,9,23,2017-06-18
春娇救志明,6,18,2017-06-16
春娇救志明,17,36,2017-06-15
春娇救志明,26,39,2017-06-12
春娇救志明,14,29,2017-06-11
春娇救志明,2,0,2017-06-10
春娇救志明,1,1,2017-06-09
春娇救志明,1,5,2017-06-08
春娇救志明,3,2,2017-06-07
春娇救志明,1,9,2017-06-06
春娇救志明,2,8,2017-06-05
春娇救志明,0,5,2017-06-04
春娇救志明,0,1,2017-06-03
春娇救志明,0,1,2017-06-02
春娇救志明,1,2,2017-06-01
春娇救志明,2,3,2017-05-31
春娇救志明,1,4,2017-05-30
春娇救志明,2,5,2017-05-29
春娇救志明,3,7,2017-05-28
春娇救志明,3,4,2017-05-27
春娇救志明,1,7,2017-05-26
春娇救志明,0,9,2017-05-25
春娇救志明,2,3,2017-05-24
春娇救志明,0,5,2017-05-23
春娇救志明,7,8,2017-05-22
春娇救志明,5,12,2017-05-21
春娇救志明,2,13,2017-05-20
春娇救志明,3,11,2017-05-19
春娇救志明,1,5,2017-05-18
春娇救志明,4,12,2017-05-17
春娇救志明,3,13,2017-05-16
春娇救志明,8,8,2017-05-15
春娇救志明,7,19,2017-05-14
春娇救志明,7,24,2017-05-13
春娇救志明,4,26,2017-05-12
春娇救志明,9,33,2017-05-10
春娇救志明,15,35,2017-05-09
春娇救志明,33,31,2017-05-08
春娇救志明,38,81,2017-05-07
春娇救志明,27,78,2017-05-06
春娇救志明,71,164,2017-05-04
春娇救志明,6,18,2017-04-27
春娇救志明,8,17,2017-04-26
春娇救志明,10,24,2017-04-24
春娇救志明,4,12,2017-04-21
春娇救志明,1,10,2017-04-20
春娇救志明,5,15,2017-04-19
春娇救志明,1,9,2017-04-18
春娇救志明,1,4,2017-04-17
春娇救志明,1,6,2017-04-16
春娇救志明,2,6,2017-04-15
春娇救志明,0,5,2017-04-14
春娇救志明,1,8,2017-04-13
春娇救志明,3,10,2017-04-12
春娇救志明,2,3,2017-04-11
春娇救志明,1,4,2017-04-10
春娇救志明,5,4,2017-04-09
春娇救志明,0,7,2017-04-08
春娇救志明,1,4,2017-04-07
春娇救志明,1,1,2017-04-06
春娇救志明,2,5,2017-04-05
春娇救志明,0,3,2017-04-04
春娇救志明,0,3,2017-04-03
春娇救志明,1,6,2017-04-02
春娇救志明,0,7,2017-04-01
春娇救志明,0,5,2017-03-31
春娇救志明,1,2,2017-03-30
春娇救志明,0,3,2017-03-29
春娇救志明,0,7,2017-03-28
春娇救志明,1,7,2017-03-27
春娇救志明,0,5,2017-03-26
春娇救志明,1,1,2017-03-25
春娇救志明,0,9,2017-03-24
春娇救志明,2,8,2017-03-21
春娇救志明,0,3,2017-07-20
春娇救志明,3,3,2017-07-08
春娇救志明,1,3,2017-07-19
春娇救志明,1,2,2017-07-28
春娇救志明,1,5,2017-07-06
春娇救志明,1,3,2017-07-12
春娇救志明,3,1,2017-07-16
春娇救志明,2,6,2017-07-09
春娇救志明,1,3,2017-07-22
春娇救志明,4,1,2017-07-27
春娇救志明,2,2,2017-07-25
春娇救志明,4,4,2017-07-23
春娇救志明,3,2,2017-07-07
春娇救志明,1,3,2017-08-04
春娇救志明,0,4,2017-07-17
春娇救志明,0,1,2016-12-18
春娇救志明,1,3,2017-08-02
春娇救志明,1,3,2017-08-01
春娇救志明,0,3,2017-07-31
春娇救志明,1,2,2017-07-24
春娇救志明,0,3,2017-07-21
春娇救志明,0,2,2017-07-14
春娇救志明,2,3,2017-07-10
春娇救志明,0,5,2017-07-05
春娇救志明,1,0,2017-08-08
春娇救志明,2,0,2017-08-07
春娇救志明,0,1,2017-08-06
春娇救志明,1,2,2017-08-05
春娇救志明,1,1,2017-08-03
春娇救志明,0,1,2017-07-30
春娇救志明,0,1,2017-07-29
春娇救志明,0,1,2017-07-18
春娇救志明,0,3,2017-07-15
春娇救志明,0,2,2017-07-13
春娇救志明,1,2,2017-07-11
大闹天竺,0,1,2016-03-24
大闹天竺,0,1,2016-04-22
大闹天竺,2,9,2016-10-22
大闹天竺,8,45,2016-09-19
大闹天竺,0,1,2016-06-20
大闹天竺,60,504,2016-08-16
大闹天竺,22,151,2016-08-21
大闹天竺,0,1,2016-07-09
大闹天竺,61,394,2016-08-17
大闹天竺,2,19,2016-09-20
大闹天竺,1,0,2016-08-03
大闹天竺,59,451,2016-08-18
大闹天竺,21,155,2016-08-22
大闹天竺,0,28,2016-09-14
大闹天竺,14,107,2016-08-26
大闹天竺,2,14,2016-09-21
大闹天竺,5,9,2016-10-27
大闹天竺,1,10,2016-09-08
大闹天竺,16,109,2016-08-15
大闹天竺,0,12,2016-09-22
大闹天竺,41,359,2016-08-19
大闹天竺,7,58,2016-09-01
大闹天竺,12,113,2016-08-23
大闹天竺,1,15,2016-09-07
大闹天竺,0,3,2016-10-26
大闹天竺,4,11,2016-10-25
大闹天竺,4,16,2016-10-24
大闹天竺,3,5,2016-10-23
大闹天竺,3,27,2016-08-28
大闹天竺,0,11,2016-08-14
大闹天竺,2,22,2016-09-15
大闹天竺,10,75,2016-08-24
大闹天竺,30,196,2016-08-20
大闹天竺,1,2,2016-11-22
大闹天竺,0,5,2016-11-21
大闹天竺,1,2,2016-11-20
大闹天竺,1,3,2016-11-12
大闹天竺,1,9,2016-11-09
大闹天竺,0,6,2016-11-08
大闹天竺,0,5,2016-11-06
大闹天竺,0,5,2016-11-05
大闹天竺,1,4,2016-11-04
大闹天竺,1,4,2016-11-03
大闹天竺,0,1,2016-11-02
大闹天竺,1,7,2016-11-01
大闹天竺,2,1,2016-10-31
大闹天竺,1,2,2016-10-30
大闹天竺,0,2,2016-10-29
大闹天竺,0,3,2016-10-28
大闹天竺,2,7,2016-10-21
大闹天竺,2,12,2016-10-20
大闹天竺,6,27,2016-10-18
大闹天竺,1,11,2016-10-17
大闹天竺,0,6,2016-10-16
大闹天竺,0,5,2016-10-15
大闹天竺,2,6,2016-10-14
大闹天竺,0,3,2016-10-13
大闹天竺,1,8,2016-10-12
大闹天竺,1,15,2016-10-11
大闹天竺,6,15,2016-10-10
大闹天竺,0,1,2016-10-07
大闹天竺,1,0,2016-10-04
大闹天竺,0,5,2016-10-03
大闹天竺,2,6,2016-10-02
大闹天竺,1,8,2016-09-27
大闹天竺,1,5,2016-09-26
大闹天竺,0,7,2016-11-23
大闹天竺,4,40,2016-08-27
大闹天竺,0,4,2016-11-19
大闹天竺,1,2,2016-11-18
大闹天竺,1,3,2016-11-16
大闹天竺,3,4,2016-11-15
大闹天竺,1,5,2016-11-14
大闹天竺,0,0,2016-11-10
大闹天竺,1,5,2016-11-07
大闹天竺,0,1,2016-11-13
大闹天竺,1,9,2016-10-01
大闹天竺,1,5,2016-09-29
大闹天竺,0,6,2016-09-28
大闹天竺,0,9,2016-09-25
大闹天竺,0,9,2016-09-23
大闹天竺,0,14,2016-09-16
大闹天竺,5,13,2016-09-06
大闹天竺,2,11,2016-09-03
大闹天竺,5,26,2016-09-02
大闹天竺,4,29,2016-10-19
大闹天竺,7,22,2016-09-18
大闹天竺,7,11,2016-09-17
大闹天竺,0,16,2016-09-13
大闹天竺,2,7,2016-09-10
大闹天竺,2,12,2016-09-09
大闹天竺,0,17,2016-09-04
大闹天竺,7,54,2016-08-25
大闹天竺,1,2,2016-11-17
大闹天竺,0,2,2016-11-11
大闹天竺,1,2,2016-10-09
大闹天竺,1,2,2016-10-08
大闹天竺,1,7,2016-10-06
大闹天竺,0,3,2016-10-05
大闹天竺,3,5,2016-09-30
大闹天竺,1,12,2016-09-24
大闹天竺,2,6,2016-09-12
大闹天竺,0,4,2016-09-11
大闹天竺,2,15,2016-09-05
大闹天竺,1,13,2016-08-31
大闹天竺,4,24,2016-08-30
大闹天竺,1,32,2016-08-29
大闹天竺,1,0,2016-08-11
大闹天竺,0,1,2016-08-01
大闹天竺,0,0,2016-03-21
大闹天竺,0,1,2016-11-24
大闹天竺,0,1,2016-11-25
大闹天竺,0,1,2016-12-06
大闹天竺,0,1,2017-01-26
大闹天竺,1,3,2017-01-28
大闹天竺,1,4,2017-01-29
大闹天竺,0,1,2017-02-13
大闹天竺,64,267,2017-02-04
大闹天竺,1,2,2017-01-30
大闹天竺,40,124,2017-02-08
大闹天竺,0,1,2017-08-05
大闹天竺,1,1,2017-08-04
大闹天竺,1,3,2017-08-03
大闹天竺,0,1,2017-08-02
大闹天竺,0,2,2017-08-01
大闹天竺,0,1,2017-04-02
大闹天竺,2,6,2017-04-01
大闹天竺,18,61,2017-02-09
大闹天竺,36,130,2017-02-07
大闹天竺,58,175,2017-02-06
大闹天竺,73,243,2017-02-05
大闹天竺,93,297,2017-02-03
大闹天竺,124,424,2017-02-02
大闹天竺,162,468,2017-02-01
大闹天竺,45,167,2017-01-31
嫌疑人X的献身,0,1,2017-04-01
嫌疑人X的献身,291,856,2017-04-02
嫌疑人X的献身,1,1,2017-03-28
嫌疑人X的献身,0,1,2017-03-27
嫌疑人X的献身,424,1202,2017-04-03
嫌疑人X的献身,109,316,2017-04-05
嫌疑人X的献身,251,761,2017-04-04
嫌疑人X的献身,57,192,2017-04-07
嫌疑人X的献身,20,90,2017-04-15
嫌疑人X的献身,68,226,2017-04-06
嫌疑人X的献身,152,440,2017-04-09
嫌疑人X的献身,37,110,2017-06-18
嫌疑人X的献身,79,242,2017-04-10
嫌疑人X的献身,1,1,2017-07-28
嫌疑人X的献身,3,7,2017-07-27
嫌疑人X的献身,0,5,2017-07-26
嫌疑人X的献身,3,3,2017-07-25
嫌疑人X的献身,2,8,2017-07-24
嫌疑人X的献身,2,6,2017-07-23
嫌疑人X的献身,0,7,2017-07-22
嫌疑人X的献身,1,3,2017-07-21
嫌疑人X的献身,1,3,2017-07-20
嫌疑人X的献身,0,4,2017-07-19
嫌疑人X的献身,1,4,2017-07-18
嫌疑人X的献身,5,2,2017-07-17
嫌疑人X的献身,0,7,2017-07-16
嫌疑人X的献身,2,1,2017-07-15
嫌疑人X的献身,3,2,2017-07-14
嫌疑人X的献身,1,4,2017-07-13
嫌疑人X的献身,2,7,2017-07-12
嫌疑人X的献身,1,5,2017-07-11
嫌疑人X的献身,4,4,2017-07-10
嫌疑人X的献身,6,7,2017-07-09
嫌疑人X的献身,5,12,2017-07-08
嫌疑人X的献身,2,6,2017-07-07
嫌疑人X的献身,5,8,2017-07-06
嫌疑人X的献身,1,12,2017-07-05
嫌疑人X的献身,0,7,2017-07-04
嫌疑人X的献身,4,8,2017-07-03
嫌疑人X的献身,5,16,2017-07-02
嫌疑人X的献身,10,14,2017-07-01
嫌疑人X的献身,0,15,2017-06-30
嫌疑人X的献身,2,10,2017-06-29
嫌疑人X的献身,3,9,2017-06-28
嫌疑人X的献身,10,19,2017-06-27
嫌疑人X的献身,9,22,2017-06-26
嫌疑人X的献身,17,21,2017-06-25
嫌疑人X的献身,67,229,2017-04-08
嫌疑人X的献身,26,55,2017-06-20
嫌疑人X的献身,1,11,2017-04-25
嫌疑人X的献身,2,8,2017-08-07
嫌疑人X的献身,15,41,2017-06-22
嫌疑人X的献身,0,5,2017-08-04
嫌疑人X的献身,40,101,2017-04-14
嫌疑人X的献身,49,148,2017-04-13
嫌疑人X的献身,1,2,2017-06-04
嫌疑人X的献身,4,14,2017-04-29
嫌疑人X的献身,8,32,2017-04-22
嫌疑人X的献身,29,83,2017-04-16
嫌疑人X的献身,2,7,2017-05-07
嫌疑人X的献身,3,9,2017-08-02
嫌疑人X的献身,3,6,2017-07-30
嫌疑人X的献身,21,33,2017-06-21
嫌疑人X的献身,11,47,2017-04-17
嫌疑人X的献身,66,195,2017-04-11
嫌疑人X的献身,2,5,2017-05-14
嫌疑人X的献身,7,21,2017-04-24
嫌疑人X的献身,9,44,2017-04-19
嫌疑人X的献身,35,69,2017-06-19
嫌疑人X的献身,1,2,2017-06-09
嫌疑人X的献身,0,2,2017-05-31
嫌疑人X的献身,0,6,2017-05-22
嫌疑人X的献身,2,3,2017-05-29
嫌疑人X的献身,61,180,2017-04-12
嫌疑人X的献身,3,7,2017-08-01
嫌疑人X的献身,5,24,2017-06-24
嫌疑人X的献身,1,3,2017-06-02
嫌疑人X的献身,1,1,2017-05-25
嫌疑人X的献身,7,15,2017-04-26
嫌疑人X的献身,1,6,2017-08-06
嫌疑人X的献身,8,31,2017-06-23
嫌疑人X的献身,0,9,2017-05-05
嫌疑人X的献身,3,12,2017-05-03
嫌疑人X的献身,3,10,2017-05-02
嫌疑人X的献身,3,17,2017-05-01
嫌疑人X的献身,4,14,2017-04-30
嫌疑人X的献身,3,17,2017-04-28
嫌疑人X的献身,1,3,2017-05-21
嫌疑人X的献身,0,5,2017-05-19
嫌疑人X的献身,0,2,2017-05-15
嫌疑人X的献身,1,5,2017-05-10
嫌疑人X的献身,1,3,2017-05-06
嫌疑人X的献身,11,54,2017-04-18
嫌疑人X的献身,1,4,2017-08-05
嫌疑人X的献身,3,8,2017-05-18
嫌疑人X的献身,0,6,2017-05-08
嫌疑人X的献身,2,13,2017-04-27
嫌疑人X的献身,8,30,2017-04-21
嫌疑人X的献身,1,1,2017-06-15
嫌疑人X的献身,0,3,2017-06-14
嫌疑人X的献身,1,1,2017-06-13
嫌疑人X的献身,0,2,2017-06-12
嫌疑人X的献身,0,3,2017-05-26
嫌疑人X的献身,0,3,2017-05-20
嫌疑人X的献身,2,6,2017-05-16
嫌疑人X的献身,0,4,2017-05-13
嫌疑人X的献身,2,8,2017-05-04
嫌疑人X的献身,6,11,2017-04-23
嫌疑人X的献身,0,2,2017-08-08
嫌疑人X的献身,4,4,2017-08-03
嫌疑人X的献身,1,2,2017-06-17
嫌疑人X的献身,1,3,2017-06-11
嫌疑人X的献身,2,2,2017-06-03
嫌疑人X的献身,0,3,2017-05-27
嫌疑人X的献身,1,4,2017-05-23
嫌疑人X的献身,0,2,2017-05-17
嫌疑人X的献身,0,2,2017-05-09
嫌疑人X的献身,1,4,2017-07-31
嫌疑人X的献身,2,4,2017-07-29
嫌疑人X的献身,1,1,2017-06-16
嫌疑人X的献身,0,2,2017-06-10
嫌疑人X的献身,0,0,2017-06-08
嫌疑人X的献身,1,2,2017-06-07
嫌疑人X的献身,0,1,2017-06-06
嫌疑人X的献身,0,1,2017-06-05
嫌疑人X的献身,0,2,2017-06-01
嫌疑人X的献身,0,6,2017-05-30
嫌疑人X的献身,1,3,2017-05-28
嫌疑人X的献身,0,2,2017-05-24
嫌疑人X的献身,0,2,2017-05-12
嫌疑人X的献身,2,1,2017-05-11
嫌疑人X的献身,4,28,2017-04-20
建军大业,0,1,2017-01-26
建军大业,0,1,2016-11-26
建军大业,0,1,2017-01-27
建军大业,0,1,2017-02-12
建军大业,0,1,2017-02-02
建军大业,0,1,2017-07-15
建军大业,0,1,2017-07-16
建军大业,0,1,2017-06-12
建军大业,0,1,2017-07-24
建军大业,219,1141,2017-07-31
建军大业,0,1,2017-07-29
建军大业,172,999,2017-07-30
建军大业,113,666,2017-08-05
建军大业,61,321,2017-08-07
建军大业,288,1206,2017-08-01
建军大业,86,430,2017-08-06
建军大业,154,719,2017-08-04
建军大业,110,555,2017-08-03
建军大业,201,947,2017-08-02
建军大业,26,135,2017-08-08
京城81号Ⅱ,1,4,2016-04-03
京城81号Ⅱ,0,2,2016-03-18
京城81号Ⅱ,0,1,2016-02-20
京城81号Ⅱ,0,1,2016-04-02
京城81号Ⅱ,1,1,2015-10-20
京城81号Ⅱ,0,2,2015-10-13
京城81号Ⅱ,0,1,2015-12-04
京城81号Ⅱ,0,1,2016-01-21
京城81号Ⅱ,0,1,2016-02-27
京城81号Ⅱ,0,1,2015-11-13
京城81号Ⅱ,1,0,2015-09-15
京城81号Ⅱ,0,1,2015-08-16
京城81号Ⅱ,0,0,2015-12-20
京城81号Ⅱ,1,1,2015-10-12
京城81号Ⅱ,0,1,2015-08-22
京城81号Ⅱ,0,7,2015-11-28
京城81号Ⅱ,2,1,2016-04-19
京城81号Ⅱ,0,0,2015-12-03
京城81号Ⅱ,0,1,2015-12-06
京城81号Ⅱ,0,1,2016-01-06
京城81号Ⅱ,0,1,2016-03-12
京城81号Ⅱ,0,1,2015-12-14
京城81号Ⅱ,0,1,2015-12-12
京城81号Ⅱ,0,0,2016-04-12
京城81号Ⅱ,2,2,2016-04-13
京城81号Ⅱ,0,1,2016-02-16
京城81号Ⅱ,0,1,2016-04-11
京城81号Ⅱ,0,0,2016-04-16
京城81号Ⅱ,0,1,2015-12-21
京城81号Ⅱ,0,2,2015-12-16
京城81号Ⅱ,0,1,2016-04-24
京城81号Ⅱ,0,0,2016-04-04
京城81号Ⅱ,0,0,2015-04-26
京城81号Ⅱ,0,1,2014-07-02
京城81号Ⅱ,0,1,2015-07-30
京城81号Ⅱ,0,1,2015-07-20
京城81号Ⅱ,0,2,2015-11-14
京城81号Ⅱ,0,0,2015-11-15
京城81号Ⅱ,1,1,2016-03-17
京城81号Ⅱ,0,4,2016-04-17
京城81号Ⅱ,0,1,2016-02-04
京城81号Ⅱ,0,1,2016-03-06
京城81号Ⅱ,0,1,2016-02-05
京城81号Ⅱ,2,0,2015-10-14
京城81号Ⅱ,0,1,2015-08-17
京城81号Ⅱ,1,0,2015-10-17
京城81号Ⅱ,0,1,2015-10-22
京城81号Ⅱ,0,1,2015-08-12
京城81号Ⅱ,0,1,2015-10-24
京城81号Ⅱ,0,1,2015-10-25
京城81号Ⅱ,0,1,2015-11-29
京城81号Ⅱ,1,0,2015-10-21
京城81号Ⅱ,0,1,2016-03-21
京城81号Ⅱ,0,1,2015-10-19
京城81号Ⅱ,0,3,2015-10-18
京城81号Ⅱ,1,1,2015-10-16
京城81号Ⅱ,0,1,2015-10-15
京城81号Ⅱ,0,1,2016-04-23
京城81号Ⅱ,0,1,2015-04-01
京城81号Ⅱ,0,0,2015-04-06
京城81号Ⅱ,0,0,2015-02-23
京城81号Ⅱ,1,0,2015-03-31
京城81号Ⅱ,0,1,2015-04-10
京城81号Ⅱ,0,1,2016-01-29
京城81号Ⅱ,1,0,2016-02-24
京城81号Ⅱ,0,0,2016-03-24
京城81号Ⅱ,0,2,2016-03-15
京城81号Ⅱ,0,3,2016-03-20
京城81号Ⅱ,0,1,2016-04-20
京城81号Ⅱ,0,1,2016-03-19
京城81号Ⅱ,0,1,2016-01-26
京城81号Ⅱ,0,1,2016-03-14
京城81号Ⅱ,0,2,2016-03-10
京城81号Ⅱ,0,1,2016-01-25
京城81号Ⅱ,0,1,2014-12-20
京城81号Ⅱ,0,1,2015-10-08
京城81号Ⅱ,0,1,2016-04-22
京城81号Ⅱ,0,3,2016-04-14
京城81号Ⅱ,0,1,2016-03-26
京城81号Ⅱ,1,1,2016-03-28
京城81号Ⅱ,0,1,2016-03-05
京城81号Ⅱ,0,0,2016-02-23
京城81号Ⅱ,0,0,2016-02-06
京城81号Ⅱ,0,0,2015-12-07
京城81号Ⅱ,0,0,2015-10-02
京城81号Ⅱ,0,1,2016-01-03
京城81号Ⅱ,0,0,2015-12-26
京城81号Ⅱ,0,0,2016-03-09
京城81号Ⅱ,0,1,2016-02-08
京城81号Ⅱ,0,0,2015-08-21
京城81号Ⅱ,0,1,2016-03-29
京城81号Ⅱ,1,0,2016-02-10
京城81号Ⅱ,0,0,2015-10-11
京城81号Ⅱ,0,1,2015-07-23
京城81号Ⅱ,0,0,2016-04-15
京城81号Ⅱ,0,1,2016-03-23
京城81号Ⅱ,0,1,2015-10-26
京城81号Ⅱ,24,85,2016-09-03
京城81号Ⅱ,3,11,2016-09-02
京城81号Ⅱ,1,4,2016-09-01
京城81号Ⅱ,3,34,2016-09-04
京城81号Ⅱ,0,19,2016-09-05
京城81号Ⅱ,9,16,2016-09-10
京城81号Ⅱ,1,3,2016-09-07
京城81号Ⅱ,3,7,2016-09-11
京城81号Ⅱ,1,16,2016-09-08
京城81号Ⅱ,1,4,2016-09-06
京城81号Ⅱ,2,18,2016-09-14
京城81号Ⅱ,8,14,2016-09-16
京城81号Ⅱ,5,12,2016-09-15
京城81号Ⅱ,5,5,2016-09-17
京城81号Ⅱ,5,23,2016-09-18
京城81号Ⅱ,2,5,2016-09-19
京城81号Ⅱ,2,20,2016-09-23
京城81号Ⅱ,3,9,2016-09-22
京城81号Ⅱ,7,16,2016-09-20
京城81号Ⅱ,2,28,2016-09-24
京城81号Ⅱ,6,17,2016-09-25
京城81号Ⅱ,1,26,2016-09-26
京城81号Ⅱ,8,32,2016-09-27
京城81号Ⅱ,10,37,2016-09-28
京城81号Ⅱ,5,22,2016-09-29
京城81号Ⅱ,5,15,2016-09-30
京城81号Ⅱ,4,34,2016-10-01
京城81号Ⅱ,7,17,2016-10-02
京城81号Ⅱ,2,5,2016-10-04
京城81号Ⅱ,5,15,2016-10-06
京城81号Ⅱ,4,15,2016-10-05
京城81号Ⅱ,9,18,2016-10-08
京城81号Ⅱ,1,12,2016-10-12
京城81号Ⅱ,15,27,2016-10-23
京城81号Ⅱ,4,6,2016-10-17
京城81号Ⅱ,4,25,2016-10-16
京城81号Ⅱ,2,9,2016-10-25
京城81号Ⅱ,17,32,2016-10-22
京城81号Ⅱ,3,10,2016-10-18
京城81号Ⅱ,6,12,2016-10-15
京城81号Ⅱ,3,7,2016-10-13
京城81号Ⅱ,2,6,2016-10-14
京城81号Ⅱ,1,3,2016-06-04
京城81号Ⅱ,2,4,2016-06-16
京城81号Ⅱ,1,5,2016-06-17
京城81号Ⅱ,0,2,2016-06-18
京城81号Ⅱ,3,17,2016-09-21
京城81号Ⅱ,3,15,2016-10-03
京城81号Ⅱ,2,21,2016-10-19
京城81号Ⅱ,1,14,2016-09-09
京城81号Ⅱ,6,14,2016-10-21
京城81号Ⅱ,7,9,2016-10-20
京城81号Ⅱ,0,9,2016-09-12
京城81号Ⅱ,0,3,2016-08-31
京城81号Ⅱ,0,3,2016-10-10
京城81号Ⅱ,0,2,2016-07-18
京城81号Ⅱ,1,4,2016-06-30
京城81号Ⅱ,1,2,2016-07-03
京城81号Ⅱ,0,1,2016-07-30
京城81号Ⅱ,1,0,2016-08-17
京城81号Ⅱ,0,3,2016-07-20
京城81号Ⅱ,1,1,2016-07-21
京城81号Ⅱ,0,2,2016-07-26
京城81号Ⅱ,0,6,2016-08-22
京城81号Ⅱ,0,3,2016-08-25
京城81号Ⅱ,4,3,2016-10-24
京城81号Ⅱ,0,11,2016-10-28
京城81号Ⅱ,3,10,2016-10-11
京城81号Ⅱ,2,13,2016-10-26
京城81号Ⅱ,7,19,2016-10-07
京城81号Ⅱ,2,8,2016-10-27
京城81号Ⅱ,0,0,2016-05-04
京城81号Ⅱ,0,2,2016-08-29
京城81号Ⅱ,0,2,2016-08-08
京城81号Ⅱ,1,2,2016-08-18
京城81号Ⅱ,0,0,2016-07-07
京城81号Ⅱ,1,4,2016-10-09
京城81号Ⅱ,0,2,2016-08-24
京城81号Ⅱ,0,1,2016-07-02
京城81号Ⅱ,0,1,2016-04-30
京城81号Ⅱ,0,2,2016-08-06
京城81号Ⅱ,0,0,2016-06-05
京城81号Ⅱ,1,2,2016-08-05
京城81号Ⅱ,3,8,2016-09-13
京城81号Ⅱ,2,1,2016-06-25
京城81号Ⅱ,0,1,2016-06-11
京城81号Ⅱ,0,4,2016-08-03
京城81号Ⅱ,2,1,2016-07-31
京城81号Ⅱ,1,1,2016-08-01
京城81号Ⅱ,0,5,2016-07-08
京城81号Ⅱ,0,2,2016-08-26
京城81号Ⅱ,1,0,2016-07-24
京城81号Ⅱ,0,1,2016-08-16
京城81号Ⅱ,0,1,2016-07-12
京城81号Ⅱ,1,2,2016-07-10
京城81号Ⅱ,1,4,2016-08-10
京城81号Ⅱ,1,4,2016-07-23
京城81号Ⅱ,1,0,2016-07-28
京城81号Ⅱ,1,1,2016-08-07
京城81号Ⅱ,0,1,2016-06-14
京城81号Ⅱ,0,2,2016-07-16
京城81号Ⅱ,7,12,2016-10-31
京城81号Ⅱ,0,0,2016-08-21
京城81号Ⅱ,0,0,2016-07-04
京城81号Ⅱ,0,0,2016-05-06
京城81号Ⅱ,0,1,2016-08-15
京城81号Ⅱ,0,1,2016-07-11
京城81号Ⅱ,0,1,2016-07-19
京城81号Ⅱ,0,0,2016-08-09
京城81号Ⅱ,0,1,2016-08-14
京城81号Ⅱ,0,1,2016-07-06
京城81号Ⅱ,0,1,2016-06-19
京城81号Ⅱ,0,1,2016-08-23
京城81号Ⅱ,0,2,2016-08-13
京城81号Ⅱ,0,1,2016-07-01
京城81号Ⅱ,0,1,2016-08-19
京城81号Ⅱ,2,2,2016-06-24
京城81号Ⅱ,0,1,2016-05-26
京城81号Ⅱ,0,1,2016-05-27
京城81号Ⅱ,0,3,2016-06-21
京城81号Ⅱ,1,2,2016-07-09
京城81号Ⅱ,2,4,2016-06-23
京城81号Ⅱ,0,1,2016-05-25
京城81号Ⅱ,0,3,2016-07-29
京城81号Ⅱ,0,1,2016-05-30
京城81号Ⅱ,0,1,2016-04-26
京城81号Ⅱ,1,4,2016-10-30
京城81号Ⅱ,1,8,2016-10-29
京城81号Ⅱ,6,13,2016-11-01
京城81号Ⅱ,12,27,2016-11-02
京城81号Ⅱ,0,1,2016-07-15
京城81号Ⅱ,0,1,2016-06-26
京城81号Ⅱ,0,1,2016-04-27
京城81号Ⅱ,0,1,2016-05-12
京城81号Ⅱ,7,24,2016-11-03
京城81号Ⅱ,0,1,2016-05-20
京城81号Ⅱ,0,1,2016-06-02
京城81号Ⅱ,0,1,2016-05-14
京城81号Ⅱ,0,1,2016-05-29
京城81号Ⅱ,0,1,2016-05-19
京城81号Ⅱ,0,1,2016-05-13
京城81号Ⅱ,1,2,2016-08-27
京城81号Ⅱ,0,1,2016-05-15
京城81号Ⅱ,5,10,2016-11-04
京城81号Ⅱ,0,1,2016-07-27
京城81号Ⅱ,0,4,2016-08-28
京城81号Ⅱ,0,2,2016-08-30
京城81号Ⅱ,0,2,2016-07-05
京城81号Ⅱ,8,22,2016-11-05
京城81号Ⅱ,0,1,2016-07-17
京城81号Ⅱ,0,0,2016-05-17
京城81号Ⅱ,0,3,2016-05-05
京城81号Ⅱ,0,1,2016-06-29
京城81号Ⅱ,1,0,2016-06-28
京城81号Ⅱ,0,1,2016-07-25
京城81号Ⅱ,1,0,2016-08-11
京城81号Ⅱ,2,13,2016-11-06
京城81号Ⅱ,0,0,2016-06-27
京城81号Ⅱ,2,4,2016-06-22
京城81号Ⅱ,1,2,2016-08-20
京城81号Ⅱ,0,0,2016-05-18
京城81号Ⅱ,2,0,2016-11-07
京城81号Ⅱ,0,1,2016-04-25
京城81号Ⅱ,1,3,2016-11-08
京城81号Ⅱ,0,1,2016-06-12
京城81号Ⅱ,0,0,2016-05-22
京城81号Ⅱ,0,0,2016-05-07
京城81号Ⅱ,0,1,2016-05-10
京城81号Ⅱ,0,2,2016-11-09
京城81号Ⅱ,0,1,2016-05-16
京城81号Ⅱ,0,1,2016-05-11
京城81号Ⅱ,0,1,2016-06-06
京城81号Ⅱ,0,1,2016-04-28
京城81号Ⅱ,0,2,2016-11-20
京城81号Ⅱ,1,0,2016-11-19
京城81号Ⅱ,0,0,2016-11-18
京城81号Ⅱ,0,0,2016-11-14
京城81号Ⅱ,0,1,2016-11-12
京城81号Ⅱ,0,1,2016-11-11
京城81号Ⅱ,0,0,2016-11-24
京城81号Ⅱ,1,2,2017-02-24
京城81号Ⅱ,4,14,2017-06-15
京城81号Ⅱ,2,10,2017-07-04
京城81号Ⅱ,1,11,2017-07-05
京城81号Ⅱ,148,164,2017-07-06
京城81号Ⅱ,206,253,2017-07-07
京城81号Ⅱ,29,33,2017-07-17
京城81号Ⅱ,94,93,2017-07-10
京城81号Ⅱ,1,2,2017-07-01
京城81号Ⅱ,146,187,2017-07-08
京城81号Ⅱ,45,66,2017-07-13
京城81号Ⅱ,1,28,2017-06-21
京城81号Ⅱ,23,19,2017-07-18
京城81号Ⅱ,2,0,2017-06-29
京城81号Ⅱ,0,1,2017-05-31
京城81号Ⅱ,2,8,2017-07-03
京城81号Ⅱ,1,1,2017-03-07
京城81号Ⅱ,28,38,2017-07-15
京城81号Ⅱ,36,37,2017-07-14
京城81号Ⅱ,1,0,2017-02-02
京城81号Ⅱ,127,172,2017-07-09
京城81号Ⅱ,3,5,2017-07-02
京城81号Ⅱ,59,74,2017-07-11
京城81号Ⅱ,68,85,2017-07-12
京城81号Ⅱ,0,4,2017-06-14
京城81号Ⅱ,0,6,2017-06-22
京城81号Ⅱ,24,34,2017-07-16
京城81号Ⅱ,11,5,2017-07-29
京城81号Ⅱ,18,13,2017-07-21
京城81号Ⅱ,1,0,2016-12-23
京城81号Ⅱ,0,2,2017-02-25
京城81号Ⅱ,0,1,2016-11-29
京城81号Ⅱ,3,13,2017-08-03
京城81号Ⅱ,22,25,2017-07-20
京城81号Ⅱ,10,19,2017-04-20
京城81号Ⅱ,0,1,2017-06-09
京城81号Ⅱ,2,6,2017-05-14
京城81号Ⅱ,0,2,2017-04-22
京城81号Ⅱ,0,1,2017-01-01
京城81号Ⅱ,11,14,2017-07-30
京城81号Ⅱ,8,7,2017-07-25
京城81号Ⅱ,0,0,2017-05-17
京城81号Ⅱ,1,1,2017-08-04
京城81号Ⅱ,9,15,2017-07-27
京城81号Ⅱ,17,21,2017-07-23
京城81号Ⅱ,2,4,2017-06-25
京城81号Ⅱ,1,1,2017-06-24
京城81号Ⅱ,0,2,2017-05-29
京城81号Ⅱ,1,4,2017-04-21
京城81号Ⅱ,0,1,2017-02-08
京城81号Ⅱ,1,1,2017-08-06
京城81号Ⅱ,19,18,2017-07-24
京城81号Ⅱ,10,15,2017-07-22
京城81号Ⅱ,21,21,2017-07-19
京城81号Ⅱ,3,1,2017-06-30
京城81号Ⅱ,0,3,2017-06-20
京城81号Ⅱ,0,0,2017-06-02
京城81号Ⅱ,1,0,2017-05-03
京城81号Ⅱ,0,3,2016-12-01
京城81号Ⅱ,11,18,2017-07-26
京城81号Ⅱ,1,3,2017-06-28
京城81号Ⅱ,3,7,2017-06-27
京城81号Ⅱ,1,3,2017-06-23
京城81号Ⅱ,2,0,2017-06-01
京城81号Ⅱ,2,2,2017-05-15
京城81号Ⅱ,0,1,2017-04-25
京城81号Ⅱ,5,6,2017-08-02
京城81号Ⅱ,3,8,2017-08-01
京城81号Ⅱ,9,6,2017-07-31
京城81号Ⅱ,6,10,2017-07-28
京城81号Ⅱ,1,2,2017-06-26
京城81号Ⅱ,0,5,2017-05-16
京城81号Ⅱ,0,0,2017-04-27
京城81号Ⅱ,0,0,2017-03-17
京城81号Ⅱ,0,0,2017-01-07
京城81号Ⅱ,0,0,2016-12-03
京城81号Ⅱ,0,0,2016-11-27
京城81号Ⅱ,1,2,2017-08-08
京城81号Ⅱ,2,0,2017-08-07
京城81号Ⅱ,1,2,2017-08-05
京城81号Ⅱ,0,0,2017-06-19
京城81号Ⅱ,0,1,2017-06-18
京城81号Ⅱ,0,2,2017-06-17
京城81号Ⅱ,0,0,2017-06-13
京城81号Ⅱ,1,0,2017-06-12
京城81号Ⅱ,0,0,2017-06-05
京城81号Ⅱ,0,1,2017-06-03
京城81号Ⅱ,0,0,2017-05-30
京城81号Ⅱ,0,1,2017-05-27
京城81号Ⅱ,0,1,2017-05-26
京城81号Ⅱ,0,0,2017-05-25
京城81号Ⅱ,0,0,2017-05-23
京城81号Ⅱ,0,2,2017-05-21
京城81号Ⅱ,0,1,2017-05-19
京城81号Ⅱ,0,1,2017-05-04
京城81号Ⅱ,0,1,2017-04-29
京城81号Ⅱ,0,1,2017-04-19
京城81号Ⅱ,0,1,2017-04-18
京城81号Ⅱ,0,1,2017-04-13
京城81号Ⅱ,0,0,2017-04-09
京城81号Ⅱ,0,0,2017-04-04
京城81号Ⅱ,0,0,2017-04-03
京城81号Ⅱ,0,1,2017-03-13
京城81号Ⅱ,1,0,2017-03-11
京城81号Ⅱ,1,0,2017-03-06
京城81号Ⅱ,0,2,2017-03-01
京城81号Ⅱ,0,0,2017-02-27
京城81号Ⅱ,0,0,2017-02-16
京城81号Ⅱ,0,0,2017-02-09
京城81号Ⅱ,0,1,2017-02-04
京城81号Ⅱ,0,1,2017-01-25
京城81号Ⅱ,0,1,2017-01-24
京城81号Ⅱ,0,0,2017-01-17
京城81号Ⅱ,1,0,2017-01-15
京城81号Ⅱ,0,0,2017-01-11
京城81号Ⅱ,0,0,2017-01-09
京城81号Ⅱ,0,0,2017-01-02
京城81号Ⅱ,0,1,2016-12-20
京城81号Ⅱ,0,0,2016-12-19
京城81号Ⅱ,0,0,2016-12-17
京城81号Ⅱ,0,0,2016-12-08
京城81号Ⅱ,0,0,2016-12-04
京城81号Ⅱ,0,2,2016-12-02
熊出没·奇幻空间,3,21,2017-01-27
熊出没·奇幻空间,0,2,2017-03-08
熊出没·奇幻空间,0,2,2017-08-06
熊出没·奇幻空间,0,2,2017-08-05
熊出没·奇幻空间,0,1,2017-08-04
熊出没·奇幻空间,1,2,2017-08-03
熊出没·奇幻空间,0,1,2017-08-02
熊出没·奇幻空间,0,1,2017-07-31
熊出没·奇幻空间,0,1,2017-07-29
熊出没·奇幻空间,0,3,2017-07-28
熊出没·奇幻空间,1,0,2017-07-27
熊出没·奇幻空间,0,1,2017-07-24
熊出没·奇幻空间,0,2,2017-07-23
熊出没·奇幻空间,20,232,2017-01-28
熊出没·奇幻空间,3,19,2017-01-18
熊出没·奇幻空间,41,357,2017-01-30
熊出没·奇幻空间,3,9,2017-01-17
熊出没·奇幻空间,1,12,2017-01-12
熊出没·奇幻空间,6,35,2017-01-15
熊出没·奇幻空间,2,11,2017-01-19
熊出没·奇幻空间,46,396,2017-01-31
熊出没·奇幻空间,39,362,2017-02-02
熊出没·奇幻空间,1,5,2017-04-12
熊出没·奇幻空间,0,5,2017-04-06
熊出没·奇幻空间,21,262,2017-02-04
熊出没·奇幻空间,38,358,2017-02-01
熊出没·奇幻空间,26,206,2017-02-06
熊出没·奇幻空间,9,102,2017-02-10
熊出没·奇幻空间,28,262,2017-02-05
熊出没·奇幻空间,30,293,2017-02-03
熊出没·奇幻空间,4,6,2017-03-16
熊出没·奇幻空间,11,108,2017-02-11
熊出没·奇幻空间,16,123,2017-02-07
熊出没·奇幻空间,2,6,2017-01-20
熊出没·奇幻空间,0,1,2017-03-28
熊出没·奇幻空间,11,103,2017-02-09
熊出没·奇幻空间,29,324,2017-01-29
熊出没·奇幻空间,4,41,2017-01-21
熊出没·奇幻空间,0,0,2016-11-16
熊出没·奇幻空间,1,30,2017-02-15
熊出没·奇幻空间,1,1,2017-06-06
熊出没·奇幻空间,0,12,2017-03-03
熊出没·奇幻空间,1,11,2017-02-22
熊出没·奇幻空间,5,23,2017-02-19
熊出没·奇幻空间,14,125,2017-02-08
熊出没·奇幻空间,0,2,2017-01-10
熊出没·奇幻空间,0,4,2017-04-16
熊出没·奇幻空间,0,2,2017-04-05
熊出没·奇幻空间,0,11,2017-02-24
熊出没·奇幻空间,0,12,2017-02-23
熊出没·奇幻空间,1,25,2017-01-14
熊出没·奇幻空间,0,1,2016-11-27
熊出没·奇幻空间,0,2,2017-07-20
熊出没·奇幻空间,0,2,2017-06-17
熊出没·奇幻空间,0,6,2017-03-02
熊出没·奇幻空间,8,49,2017-02-13
熊出没·奇幻空间,6,80,2017-02-12
熊出没·奇幻空间,3,15,2017-01-22
熊出没·奇幻空间,0,0,2016-12-22
熊出没·奇幻空间,0,1,2016-12-10
熊出没·奇幻空间,1,1,2017-06-12
熊出没·奇幻空间,0,2,2017-06-08
熊出没·奇幻空间,0,2,2017-05-29
熊出没·奇幻空间,0,5,2017-03-09
熊出没·奇幻空间,1,11,2017-01-16
熊出没·奇幻空间,1,0,2017-05-22
熊出没·奇幻空间,0,3,2017-05-12
熊出没·奇幻空间,0,2,2017-05-08
熊出没·奇幻空间,2,4,2017-04-04
熊出没·奇幻空间,3,19,2017-02-16
熊出没·奇幻空间,4,43,2017-02-14
熊出没·奇幻空间,4,13,2017-01-26
熊出没·奇幻空间,1,3,2017-01-25
熊出没·奇幻空间,0,1,2017-01-01
熊出没·奇幻空间,0,1,2016-12-04
熊出没·奇幻空间,0,0,2016-11-12
熊出没·奇幻空间,0,1,2017-06-19
熊出没·奇幻空间,0,1,2017-05-24
熊出没·奇幻空间,0,2,2017-04-17
熊出没·奇幻空间,1,4,2017-04-07
熊出没·奇幻空间,4,17,2017-03-26
熊出没·奇幻空间,2,9,2017-03-21
熊出没·奇幻空间,0,3,2017-03-13
熊出没·奇幻空间,4,26,2017-02-18
熊出没·奇幻空间,1,12,2017-01-23
熊出没·奇幻空间,1,13,2017-01-13
熊出没·奇幻空间,2,12,2017-01-11
熊出没·奇幻空间,0,0,2016-12-26
熊出没·奇幻空间,0,1,2016-12-23
熊出没·奇幻空间,0,3,2017-07-10
熊出没·奇幻空间,0,3,2017-06-29
熊出没·奇幻空间,0,2,2017-06-24
熊出没·奇幻空间,0,2,2017-06-21
熊出没·奇幻空间,0,1,2017-06-13
熊出没·奇幻空间,0,4,2017-06-03
熊出没·奇幻空间,0,3,2017-06-01
熊出没·奇幻空间,1,2,2017-05-28
熊出没·奇幻空间,0,2,2017-05-21
熊出没·奇幻空间,0,3,2017-05-13
熊出没·奇幻空间,2,5,2017-04-30
熊出没·奇幻空间,0,3,2017-04-28
熊出没·奇幻空间,0,6,2017-04-23
熊出没·奇幻空间,1,0,2017-04-01
熊出没·奇幻空间,4,20,2017-03-25
熊出没·奇幻空间,4,10,2017-03-23
熊出没·奇幻空间,3,9,2017-03-22
熊出没·奇幻空间,2,5,2017-03-20
熊出没·奇幻空间,3,24,2017-03-18
熊出没·奇幻空间,0,8,2017-03-10
熊出没·奇幻空间,2,6,2017-03-05
熊出没·奇幻空间,2,8,2017-03-04
熊出没·奇幻空间,0,8,2017-02-28
熊出没·奇幻空间,4,19,2017-02-26
熊出没·奇幻空间,2,14,2017-02-25
熊出没·奇幻空间,2,24,2017-02-17
熊出没·奇幻空间,0,0,2016-12-05
熊出没·奇幻空间,0,1,2017-07-30
熊出没·奇幻空间,1,1,2017-07-17
熊出没·奇幻空间,0,3,2017-07-15
熊出没·奇幻空间,0,1,2017-07-12
熊出没·奇幻空间,0,1,2017-07-11
熊出没·奇幻空间,0,2,2017-07-09
熊出没·奇幻空间,0,0,2017-07-07
熊出没·奇幻空间,1,1,2017-07-06
熊出没·奇幻空间,1,1,2017-07-04
熊出没·奇幻空间,0,2,2017-07-03
熊出没·奇幻空间,1,2,2017-07-02
熊出没·奇幻空间,0,1,2017-06-30
熊出没·奇幻空间,0,1,2017-06-18
熊出没·奇幻空间,0,2,2017-06-15
熊出没·奇幻空间,0,1,2017-06-14
熊出没·奇幻空间,2,0,2017-06-10
熊出没·奇幻空间,0,2,2017-06-09
熊出没·奇幻空间,0,1,2017-06-04
熊出没·奇幻空间,1,0,2017-05-30
熊出没·奇幻空间,0,1,2017-05-27
熊出没·奇幻空间,0,1,2017-05-26
熊出没·奇幻空间,1,1,2017-05-20
熊出没·奇幻空间,2,3,2017-05-09
熊出没·奇幻空间,0,6,2017-05-07
熊出没·奇幻空间,0,3,2017-05-06
熊出没·奇幻空间,0,1,2017-05-01
熊出没·奇幻空间,0,2,2017-04-29
熊出没·奇幻空间,1,1,2017-04-26
熊出没·奇幻空间,1,1,2017-04-25
熊出没·奇幻空间,0,1,2017-04-24
熊出没·奇幻空间,0,3,2017-04-20
熊出没·奇幻空间,0,2,2017-04-19
熊出没·奇幻空间,2,9,2017-04-09
熊出没·奇幻空间,1,2,2017-04-02
熊出没·奇幻空间,0,3,2017-03-31
熊出没·奇幻空间,0,0,2017-03-27
熊出没·奇幻空间,0,12,2017-03-24
熊出没·奇幻空间,5,20,2017-03-19
熊出没·奇幻空间,3,13,2017-03-17
熊出没·奇幻空间,1,2,2017-03-15
熊出没·奇幻空间,1,3,2017-03-14
熊出没·奇幻空间,3,9,2017-03-12
熊出没·奇幻空间,4,8,2017-03-11
熊出没·奇幻空间,1,6,2017-03-07
熊出没·奇幻空间,0,5,2017-03-06
熊出没·奇幻空间,0,12,2017-03-01
熊出没·奇幻空间,2,11,2017-02-21
熊出没·奇幻空间,1,9,2017-02-20
熊出没·奇幻空间,1,2,2017-01-24
熊出没·奇幻空间,0,0,2017-01-07
熊出没·奇幻空间,0,0,2017-01-06
熊出没·奇幻空间,0,0,2016-12-31
熊出没·奇幻空间,0,0,2016-12-29
熊出没·奇幻空间,0,0,2016-12-21
熊出没·奇幻空间,0,1,2017-08-07
熊出没·奇幻空间,0,4,2017-07-21
熊出没·奇幻空间,0,2,2017-07-19
熊出没·奇幻空间,1,0,2017-07-18
熊出没·奇幻空间,0,1,2017-07-14
熊出没·奇幻空间,0,1,2017-07-01
熊出没·奇幻空间,0,1,2017-06-26
熊出没·奇幻空间,0,1,2017-06-25
熊出没·奇幻空间,0,1,2017-06-23
熊出没·奇幻空间,0,1,2017-06-20
熊出没·奇幻空间,0,1,2017-06-11
熊出没·奇幻空间,0,1,2017-06-02
熊出没·奇幻空间,0,1,2017-05-31
熊出没·奇幻空间,0,2,2017-05-25
熊出没·奇幻空间,0,4,2017-05-14
熊出没·奇幻空间,0,1,2017-05-11
熊出没·奇幻空间,0,1,2017-05-10
熊出没·奇幻空间,0,2,2017-05-05
熊出没·奇幻空间,0,0,2017-05-03
熊出没·奇幻空间,0,2,2017-05-02
熊出没·奇幻空间,0,1,2017-04-21
熊出没·奇幻空间,1,0,2017-04-18
熊出没·奇幻空间,0,3,2017-04-15
熊出没·奇幻空间,0,4,2017-04-14
熊出没·奇幻空间,1,1,2017-04-13
熊出没·奇幻空间,1,4,2017-04-11
熊出没·奇幻空间,0,0,2017-04-10
熊出没·奇幻空间,0,1,2017-04-08
熊出没·奇幻空间,1,1,2017-04-03
熊出没·奇幻空间,0,10,2017-02-27
熊出没·奇幻空间,1,0,2017-01-08
熊出没·奇幻空间,0,1,2017-01-03
熊出没·奇幻空间,0,0,2016-12-30
熊出没·奇幻空间,0,0,2016-12-28
熊出没·奇幻空间,0,1,2016-12-25
熊出没·奇幻空间,0,0,2016-12-24
熊出没·奇幻空间,0,1,2016-12-18
熊出没·奇幻空间,0,0,2016-12-17
熊出没·奇幻空间,0,0,2016-12-15
拆弹专家,0,3,2017-03-23
拆弹专家,2,21,2017-04-23
拆弹专家,2,6,2017-04-19
拆弹专家,7,25,2017-04-21
拆弹专家,11,35,2017-04-27
拆弹专家,262,643,2017-04-28
拆弹专家,315,731,2017-04-30
拆弹专家,75,140,2017-05-05
拆弹专家,71,176,2017-05-04
拆弹专家,221,613,2017-05-01
拆弹专家,367,890,2017-04-29
拆弹专家,2,10,2017-04-20
拆弹专家,142,279,2017-05-02
拆弹专家,13,27,2017-05-11
拆弹专家,24,69,2017-05-09
拆弹专家,80,203,2017-05-06
拆弹专家,5,13,2017-06-30
拆弹专家,24,34,2017-06-25
拆弹专家,2,4,2017-05-30
拆弹专家,2,16,2017-05-24
拆弹专家,80,242,2017-05-03
拆弹专家,7,13,2017-07-02
拆弹专家,3,15,2017-05-23
拆弹专家,19,62,2017-05-10
拆弹专家,35,84,2017-05-08
拆弹专家,65,168,2017-05-07
拆弹专家,1,0,2017-04-02
拆弹专家,5,10,2017-07-03
拆弹专家,15,27,2017-06-24
拆弹专家,1,6,2017-06-07
拆弹专家,1,5,2017-06-02
拆弹专家,9,28,2017-05-15
拆弹专家,12,40,2017-05-12
拆弹专家,2,8,2017-04-18
拆弹专家,2,4,2017-04-08
拆弹专家,0,2,2017-04-05
拆弹专家,3,8,2017-03-27
拆弹专家,2,9,2017-07-04
拆弹专家,7,14,2017-06-28
拆弹专家,7,15,2017-06-26
拆弹专家,3,11,2017-06-23
拆弹专家,1,7,2017-06-12
拆弹专家,1,11,2017-05-28
拆弹专家,4,7,2017-05-27
拆弹专家,2,11,2017-05-25
拆弹专家,7,11,2017-05-22
拆弹专家,8,23,2017-05-16
拆弹专家,8,42,2017-05-14
拆弹专家,1,16,2017-04-26
拆弹专家,4,15,2017-04-22
拆弹专家,2,5,2017-07-21
拆弹专家,2,3,2017-07-16
拆弹专家,2,8,2017-07-09
拆弹专家,7,8,2017-06-29
拆弹专家,1,1,2017-06-14
拆弹专家,4,11,2017-06-06
拆弹专家,2,10,2017-06-04
拆弹专家,3,6,2017-06-01
拆弹专家,1,7,2017-05-29
拆弹专家,3,10,2017-05-19
拆弹专家,2,13,2017-05-18
拆弹专家,18,34,2017-05-13
拆弹专家,3,16,2017-04-25
拆弹专家,5,21,2017-04-24
拆弹专家,2,4,2017-04-13
拆弹专家,0,3,2017-03-29
拆弹专家,1,2,2017-07-24
拆弹专家,0,5,2017-07-11
拆弹专家,2,7,2017-07-08
拆弹专家,5,18,2017-07-01
拆弹专家,0,7,2017-06-21
拆弹专家,0,1,2017-06-13
拆弹专家,3,10,2017-06-03
拆弹专家,0,6,2017-05-31
拆弹专家,2,8,2017-05-26
拆弹专家,5,17,2017-05-21
拆弹专家,9,9,2017-05-20
拆弹专家,6,8,2017-05-17
拆弹专家,1,7,2017-04-14
拆弹专家,0,1,2017-03-31
拆弹专家,1,1,2017-03-25
拆弹专家,0,2,2017-08-03
拆弹专家,0,7,2017-07-29
拆弹专家,2,1,2017-07-27
拆弹专家,2,2,2017-07-23
拆弹专家,0,4,2017-07-18
拆弹专家,0,3,2017-07-12
拆弹专家,1,5,2017-07-07
拆弹专家,3,4,2017-07-06
拆弹专家,6,18,2017-06-27
拆弹专家,1,0,2017-06-20
拆弹专家,0,3,2017-06-11
拆弹专家,1,0,2017-06-10
拆弹专家,1,8,2017-06-05
拆弹专家,1,6,2017-04-17
拆弹专家,1,8,2017-04-07
拆弹专家,0,5,2017-03-26
拆弹专家,0,2,2017-03-24
拆弹专家,1,1,2017-08-07
拆弹专家,0,2,2017-08-06
拆弹专家,0,2,2017-08-05
拆弹专家,0,5,2017-08-02
拆弹专家,0,1,2017-08-01
拆弹专家,1,3,2017-07-31
拆弹专家,2,4,2017-07-30
拆弹专家,3,3,2017-07-28
拆弹专家,1,2,2017-07-26
拆弹专家,0,1,2017-07-25
拆弹专家,0,1,2017-07-22
拆弹专家,1,1,2017-07-20
拆弹专家,3,2,2017-07-19
拆弹专家,0,4,2017-07-17
拆弹专家,0,3,2017-07-15
拆弹专家,1,3,2017-07-14
拆弹专家,3,0,2017-07-13
拆弹专家,2,0,2017-07-10
拆弹专家,3,5,2017-07-05
拆弹专家,1,1,2017-06-22
拆弹专家,2,1,2017-06-19
拆弹专家,0,6,2017-06-17
拆弹专家,0,0,2017-06-16
拆弹专家,1,3,2017-06-15
拆弹专家,1,4,2017-06-09
拆弹专家,0,2,2017-06-08
拆弹专家,0,1,2017-04-04
拆弹专家,1,4,2017-04-16
拆弹专家,0,6,2017-04-15
拆弹专家,0,3,2017-04-12
拆弹专家,0,2,2017-04-11
拆弹专家,0,1,2017-04-10
拆弹专家,0,4,2017-04-09
拆弹专家,0,1,2017-04-06
拆弹专家,0,1,2017-03-30
拆弹专家,0,1,2017-03-28
喜欢你,29,173,2017-04-23
喜欢你,66,407,2017-04-25
喜欢你,0,1,2017-04-13
喜欢你,18,122,2017-04-26
喜欢你,9,78,2017-04-22
喜欢你,7,57,2017-05-11
喜欢你,94,441,2017-05-01
喜欢你,149,858,2017-04-28
喜欢你,135,677,2017-04-30
喜欢你,32,151,2017-05-03
喜欢你,42,191,2017-05-07
喜欢你,161,788,2017-04-29
喜欢你,76,368,2017-04-27
喜欢你,38,212,2017-05-02
喜欢你,4,14,2017-05-30
喜欢你,45,244,2017-05-04
喜欢你,0,2,2017-03-23
喜欢你,8,50,2017-06-10
喜欢你,0,7,2017-03-04
喜欢你,6,43,2017-06-08
喜欢你,3,7,2017-04-08
喜欢你,6,60,2017-04-24
喜欢你,25,61,2017-06-05
喜欢你,1,15,2017-06-29
喜欢你,14,60,2017-06-07
喜欢你,31,94,2017-06-03
喜欢你,33,221,2017-05-06
喜欢你,0,7,2017-04-16
喜欢你,8,46,2017-05-10
喜欢你,14,116,2017-05-08
喜欢你,51,206,2017-05-05
喜欢你,7,28,2017-06-14
喜欢你,23,98,2017-06-02
喜欢你,2,9,2017-04-21
喜欢你,2,18,2017-07-01
喜欢你,6,23,2017-06-16
喜欢你,2,9,2017-07-30
喜欢你,5,52,2017-05-12
喜欢你,35,115,2017-06-04
喜欢你,26,75,2017-05-09
喜欢你,0,1,2017-04-18
喜欢你,3,16,2017-07-02
喜欢你,4,20,2017-05-15
喜欢你,5,23,2017-06-22
喜欢你,9,54,2017-05-13
喜欢你,3,1,2017-07-11
喜欢你,4,12,2017-07-07
喜欢你,7,28,2017-06-19
喜欢你,2,11,2017-05-24
喜欢你,7,30,2017-05-16
喜欢你,0,7,2017-07-21
喜欢你,12,44,2017-06-11
喜欢你,5,39,2017-05-14
喜欢你,2,3,2017-04-09
喜欢你,0,8,2017-07-16
喜欢你,2,6,2017-07-05
喜欢你,2,15,2017-06-24
喜欢你,3,24,2017-06-15
喜欢你,5,27,2017-06-13
喜欢你,4,16,2017-07-08
喜欢你,9,40,2017-06-09
喜欢你,2,14,2017-05-25
喜欢你,1,7,2017-07-14
喜欢你,5,30,2017-06-17
喜欢你,14,55,2017-06-06
喜欢你,2,14,2017-05-19
喜欢你,0,1,2017-03-29
喜欢你,3,6,2017-07-25
喜欢你,0,14,2017-07-12
喜欢你,2,9,2017-07-10
喜欢你,6,12,2017-06-23
喜欢你,8,29,2017-06-12
喜欢你,4,35,2017-05-20
喜欢你,2,23,2017-05-17
喜欢你,0,2,2017-03-13
喜欢你,0,5,2017-07-13
喜欢你,2,16,2017-07-04
喜欢你,11,24,2017-06-18
喜欢你,7,53,2017-06-01
喜欢你,4,21,2017-05-18
喜欢你,0,1,2017-04-20
喜欢你,0,2,2017-04-17
喜欢你,3,2,2017-07-31
喜欢你,3,9,2017-07-28
喜欢你,3,5,2017-07-27
喜欢你,0,10,2017-07-19
喜欢你,3,7,2017-07-15
喜欢你,5,13,2017-07-03
喜欢你,1,8,2017-05-31
喜欢你,0,1,2017-03-25
喜欢你,1,13,2017-08-06
喜欢你,3,5,2017-07-23
喜欢你,2,8,2017-07-18
喜欢你,2,6,2017-07-17
喜欢你,3,20,2017-07-09
喜欢你,2,9,2017-06-30
喜欢你,1,14,2017-06-26
喜欢你,0,22,2017-06-20
喜欢你,1,10,2017-05-29
喜欢你,1,2,2017-04-15
喜欢你,0,1,2017-04-14
喜欢你,0,2,2017-04-10
喜欢你,0,1,2017-03-06
喜欢你,1,6,2017-08-03
喜欢你,2,14,2017-05-23
喜欢你,5,35,2017-05-21
喜欢你,0,1,2017-03-26
喜欢你,0,2,2017-03-20
喜欢你,0,3,2017-03-15
喜欢你,0,2,2017-03-14
喜欢你,0,1,2017-03-08
喜欢你,1,2,2017-08-01
喜欢你,6,2,2017-07-22
喜欢你,8,23,2017-06-25
喜欢你,0,14,2017-06-21
喜欢你,3,5,2017-05-27
喜欢你,4,11,2017-05-22
喜欢你,0,1,2017-04-12
喜欢你,0,2,2017-04-05
喜欢你,0,2,2017-04-02
喜欢你,0,2,2017-03-18
喜欢你,1,1,2017-03-12
喜欢你,0,1,2017-03-10
喜欢你,0,2,2017-03-05
喜欢你,2,8,2017-07-29
喜欢你,2,4,2017-07-26
喜欢你,1,7,2017-07-24
喜欢你,1,2,2017-07-20
喜欢你,0,10,2017-07-06
喜欢你,2,11,2017-06-28
喜欢你,1,12,2017-06-27
喜欢你,1,15,2017-05-28
喜欢你,0,2,2017-04-19
喜欢你,0,2,2017-04-11
喜欢你,0,1,2017-04-07
喜欢你,0,1,2017-03-30
喜欢你,0,3,2017-03-22
喜欢你,0,1,2017-03-17
喜欢你,0,4,2017-08-05
喜欢你,0,3,2017-08-08
喜欢你,0,8,2017-08-04
喜欢你,4,5,2017-05-26
喜欢你,0,0,2017-04-04
喜欢你,0,1,2017-03-21
喜欢你,0,0,2017-03-02
喜欢你,2,3,2017-08-07
喜欢你,2,3,2017-08-02
